FID_171204,CVE_EDO,NOM_EDO,CVEGEO,NOM_MUN,SUP_MUN,SUP_MUN_ZE,REGION,AP
3845,20,Oaxaca,20012,Candelaria Loxicha,18217.89,0.08540545952,CENTRO-SUR,4B
3846,20,Oaxaca,20012,Candelaria Loxicha,18217.89,0.07935827293,CENTRO-SUR,5
3847,20,Oaxaca,20012,Candelaria Loxicha,18217.89,0.47680304165,CENTRO-SUR,6
3882,20,Oaxaca,20022,Cosoltepec,11142.86,1895.80675091,CENTRO-SUR,5
3883,20,Oaxaca,20022,Cosoltepec,11142.86,909.843408012,CENTRO-SUR,6
3884,20,Oaxaca,20023,CuilÃ¡pam de Guerrero,4989.06,1.59760242021,CENTRO-SUR,3A
3894,20,Oaxaca,20026,Chalcatongo de Hidalgo,13360.04,7.99166098204,CENTRO-SUR,3A
3930,20,Oaxaca,20037,Mesones Hidalgo,17510.58,2719.44719263,CENTRO-SUR,3A
3931,20,Oaxaca,20037,Mesones Hidalgo,17510.58,1031.02666647,CENTRO-SUR,3B
3932,20,Oaxaca,20037,Mesones Hidalgo,17510.58,575.335703549,CENTRO-SUR,5
3933,20,Oaxaca,20037,Mesones Hidalgo,17510.58,1217.82430898,CENTRO-SUR,6
3971,20,Oaxaca,20045,Magdalena Apasco,2699.53,181.529909898,CENTRO-SUR,3A
3972,20,Oaxaca,20045,Magdalena Apasco,2699.53,1.59255079822,CENTRO-SUR,3B
3973,20,Oaxaca,20045,Magdalena Apasco,2699.53,0.99118544715,CENTRO-SUR,6
3981,20,Oaxaca,20048,Magdalena Mixtepec,4111.82,1504.84198584,CENTRO-SUR,3A
3982,20,Oaxaca,20048,Magdalena Mixtepec,4111.82,292.851752982,CENTRO-SUR,3B
3983,20,Oaxaca,20048,Magdalena Mixtepec,4111.82,0.95300056173,CENTRO-SUR,6
3988,20,Oaxaca,20051,Magdalena Teitipac,3944.1,26.9451761292,CENTRO-SUR,3A
3989,20,Oaxaca,20051,Magdalena Teitipac,3944.1,730.063599369,CENTRO-SUR,3B
3992,20,Oaxaca,20052,Magdalena TequisistlÃ¡n,84445.02,1690.06549509,CENTRO-SUR,3B
4017,20,Oaxaca,20059,MiahuatlÃ¡n de Porfirio DÃ­az,46951.27,1468.91749239,CENTRO-SUR,3A
4018,20,Oaxaca,20059,MiahuatlÃ¡n de Porfirio DÃ­az,46951.27,486.960956793,CENTRO-SUR,3B
4020,20,Oaxaca,20059,MiahuatlÃ¡n de Porfirio DÃ­az,46951.27,215.833270151,CENTRO-SUR,6
4034,20,Oaxaca,20064,Nejapa de Madero,50605.73,64.9805202655,CENTRO-SUR,3A
4035,20,Oaxaca,20064,Nejapa de Madero,50605.73,6890.88194581,CENTRO-SUR,3B
4036,20,Oaxaca,20064,Nejapa de Madero,50605.73,49.6938997533,CENTRO-SUR,5
4037,20,Oaxaca,20064,Nejapa de Madero,50605.73,5525.51221142,CENTRO-SUR,6
4045,20,Oaxaca,20067,Oaxaca de JuÃ¡rez,8965.77,1525.47540652,CENTRO-SUR,3A
4046,20,Oaxaca,20067,Oaxaca de JuÃ¡rez,8965.77,928.71369765,CENTRO-SUR,3B
4048,20,Oaxaca,20067,Oaxaca de JuÃ¡rez,8965.77,33.0417365009,CENTRO-SUR,6
4049,20,Oaxaca,20068,OcotlÃ¡n de Morelos,11983.21,10.9367021025,CENTRO-SUR,3A
4050,20,Oaxaca,20068,OcotlÃ¡n de Morelos,11983.21,0.09960476013,CENTRO-SUR,3B
4063,20,Oaxaca,20073,Putla Villa de Guerrero,40755.49,630.617599778,CENTRO-SUR,1
4064,20,Oaxaca,20073,Putla Villa de Guerrero,40755.49,118.537443063,CENTRO-SUR,2
4065,20,Oaxaca,20073,Putla Villa de Guerrero,40755.49,974.633564811,CENTRO-SUR,3A
4066,20,Oaxaca,20073,Putla Villa de Guerrero,40755.49,55.9726476319,CENTRO-SUR,3B
4068,20,Oaxaca,20073,Putla Villa de Guerrero,40755.49,752.552049757,CENTRO-SUR,6
4069,20,Oaxaca,20074,Santa Catarina Quioquitani,3862.22,38.6143186756,CENTRO-SUR,3A
4070,20,Oaxaca,20074,Santa Catarina Quioquitani,3862.22,895.867421354,CENTRO-SUR,3B
4071,20,Oaxaca,20074,Santa Catarina Quioquitani,3862.22,101.336895158,CENTRO-SUR,6
4074,20,Oaxaca,20076,La Reforma,18720.33,59.6788795735,CENTRO-SUR,1
4075,20,Oaxaca,20076,La Reforma,18720.33,196.155498161,CENTRO-SUR,2
4076,20,Oaxaca,20076,La Reforma,18720.33,7087.16289543,CENTRO-SUR,3A
4077,20,Oaxaca,20076,La Reforma,18720.33,918.785810256,CENTRO-SUR,3B
4078,20,Oaxaca,20076,La Reforma,18720.33,515.400196379,CENTRO-SUR,6
4092,20,Oaxaca,20082,San AgustÃ­n Chayuco,15158.6,102.906744359,CENTRO-SUR,1
4093,20,Oaxaca,20082,San AgustÃ­n Chayuco,15158.6,2554.3957832,CENTRO-SUR,2
4094,20,Oaxaca,20082,San AgustÃ­n Chayuco,15158.6,1465.19456818,CENTRO-SUR,3A
4095,20,Oaxaca,20082,San AgustÃ­n Chayuco,15158.6,446.096486007,CENTRO-SUR,3B
4096,20,Oaxaca,20082,San AgustÃ­n Chayuco,15158.6,4.04432906987,CENTRO-SUR,4B
4097,20,Oaxaca,20082,San AgustÃ­n Chayuco,15158.6,515.999417886,CENTRO-SUR,5
4098,20,Oaxaca,20082,San AgustÃ­n Chayuco,15158.6,699.052598322,CENTRO-SUR,6
4102,20,Oaxaca,20084,San AgustÃ­n Etla,5519.96,1852.65477026,CENTRO-SUR,3A
4103,20,Oaxaca,20084,San AgustÃ­n Etla,5519.96,2433.40326425,CENTRO-SUR,3B
4104,20,Oaxaca,20084,San AgustÃ­n Etla,5519.96,5.43697383106,CENTRO-SUR,6
4105,20,Oaxaca,20085,San AgustÃ­n Loxicha,33779.8,5544.48027973,CENTRO-SUR,1
4106,20,Oaxaca,20085,San AgustÃ­n Loxicha,33779.8,1524.76181177,CENTRO-SUR,2
4107,20,Oaxaca,20085,San AgustÃ­n Loxicha,33779.8,2355.30719655,CENTRO-SUR,3A
4108,20,Oaxaca,20085,San AgustÃ­n Loxicha,33779.8,311.728516666,CENTRO-SUR,3B
4109,20,Oaxaca,20085,San AgustÃ­n Loxicha,33779.8,9761.78535554,CENTRO-SUR,4B
4110,20,Oaxaca,20085,San AgustÃ­n Loxicha,33779.8,1555.24581315,CENTRO-SUR,5
4111,20,Oaxaca,20085,San AgustÃ­n Loxicha,33779.8,4645.90089003,CENTRO-SUR,6
4112,20,Oaxaca,20086,San AgustÃ­n Tlacotepec,5145.86,133.307338198,CENTRO-SUR,3A
4113,20,Oaxaca,20086,San AgustÃ­n Tlacotepec,5145.86,14.5752371204,CENTRO-SUR,3B
4114,20,Oaxaca,20086,San AgustÃ­n Tlacotepec,5145.86,44.9474929837,CENTRO-SUR,6
4118,20,Oaxaca,20088,San AndrÃ©s Cabecera Nueva,26130.03,0.43421571561,CENTRO-SUR,3A
4119,20,Oaxaca,20088,San AndrÃ©s Cabecera Nueva,26130.03,0.02498128919,CENTRO-SUR,3B
4127,20,Oaxaca,20091,San AndrÃ©s HuayÃ¡pam,2761.4,642.693554059,CENTRO-SUR,3A
4128,20,Oaxaca,20091,San AndrÃ©s HuayÃ¡pam,2761.4,1174.13704413,CENTRO-SUR,3B
4129,20,Oaxaca,20091,San AndrÃ©s HuayÃ¡pam,2761.4,60.4966646415,CENTRO-SUR,5
4130,20,Oaxaca,20091,San AndrÃ©s HuayÃ¡pam,2761.4,17.1770614372,CENTRO-SUR,6
4131,20,Oaxaca,20092,San AndrÃ©s Ixtlahuaca,2885.79,819.150265857,CENTRO-SUR,3A
4132,20,Oaxaca,20092,San AndrÃ©s Ixtlahuaca,2885.79,32.1281769648,CENTRO-SUR,3B
4133,20,Oaxaca,20092,San AndrÃ©s Ixtlahuaca,2885.79,144.232082431,CENTRO-SUR,6
4137,20,Oaxaca,20094,San AndrÃ©s NuxiÃ±o,6406.7,438.826494076,CENTRO-SUR,3A
4138,20,Oaxaca,20094,San AndrÃ©s NuxiÃ±o,6406.7,466.358735094,CENTRO-SUR,3B
4140,20,Oaxaca,20094,San AndrÃ©s NuxiÃ±o,6406.7,238.4915128,CENTRO-SUR,6
4141,20,Oaxaca,20095,San AndrÃ©s PaxtlÃ¡n,5737.58,1941.06467069,CENTRO-SUR,3A
4142,20,Oaxaca,20095,San AndrÃ©s PaxtlÃ¡n,5737.58,47.4690328647,CENTRO-SUR,3B
4143,20,Oaxaca,20095,San AndrÃ©s PaxtlÃ¡n,5737.58,1401.28900689,CENTRO-SUR,6
4169,20,Oaxaca,20102,San AndrÃ©s Zautla,6946.14,1222.92617626,CENTRO-SUR,3A
4170,20,Oaxaca,20102,San AndrÃ©s Zautla,6946.14,1203.76731256,CENTRO-SUR,3B
4171,20,Oaxaca,20102,San AndrÃ©s Zautla,6946.14,0.7875094352,CENTRO-SUR,6
4173,20,Oaxaca,20104,San Antonino el Alto,10554.63,157.939331164,CENTRO-SUR,3A
4174,20,Oaxaca,20104,San Antonino el Alto,10554.63,252.486935131,CENTRO-SUR,3B
4175,20,Oaxaca,20104,San Antonino el Alto,10554.63,95.1748298591,CENTRO-SUR,6
4190,20,Oaxaca,20110,San Antonio Sinicahua,2927.42,0.64976847844,CENTRO-SUR,3A
4191,20,Oaxaca,20110,San Antonio Sinicahua,2927.42,0.33142197167,CENTRO-SUR,3B
4192,20,Oaxaca,20110,San Antonio Sinicahua,2927.42,0.56915134976,CENTRO-SUR,6
4197,20,Oaxaca,20112,San Baltazar ChichicÃ¡pam,9243.59,392.635844094,CENTRO-SUR,3A
4198,20,Oaxaca,20112,San Baltazar ChichicÃ¡pam,9243.59,689.491434696,CENTRO-SUR,3B
4201,20,Oaxaca,20113,San Baltazar Loxicha,12161.71,0.28665122081,CENTRO-SUR,1
4202,20,Oaxaca,20113,San Baltazar Loxicha,12161.71,0.32367426347,CENTRO-SUR,2
4203,20,Oaxaca,20113,San Baltazar Loxicha,12161.71,46.0255863519,CENTRO-SUR,3A
4204,20,Oaxaca,20113,San Baltazar Loxicha,12161.71,978.281208092,CENTRO-SUR,3B
4206,20,Oaxaca,20113,San Baltazar Loxicha,12161.71,0.21308069857,CENTRO-SUR,6
4219,20,Oaxaca,20117,San BartolomÃ© Loxicha,15714.63,104.982517129,CENTRO-SUR,1
4220,20,Oaxaca,20117,San BartolomÃ© Loxicha,15714.63,188.033041172,CENTRO-SUR,2
4221,20,Oaxaca,20117,San BartolomÃ© Loxicha,15714.63,1573.55285826,CENTRO-SUR,3A
4222,20,Oaxaca,20117,San BartolomÃ© Loxicha,15714.63,59.6092560579,CENTRO-SUR,3B
4223,20,Oaxaca,20117,San BartolomÃ© Loxicha,15714.63,1484.53270624,CENTRO-SUR,4B
4224,20,Oaxaca,20117,San BartolomÃ© Loxicha,15714.63,1035.73419294,CENTRO-SUR,5
4225,20,Oaxaca,20117,San BartolomÃ© Loxicha,15714.63,633.874947204,CENTRO-SUR,6
4226,20,Oaxaca,20118,San BartolomÃ© Quialana,2393.62,440.147589512,CENTRO-SUR,3A
4227,20,Oaxaca,20118,San BartolomÃ© Quialana,2393.62,302.632814446,CENTRO-SUR,3B
4228,20,Oaxaca,20118,San BartolomÃ© Quialana,2393.62,12.7801102622,CENTRO-SUR,6
4229,20,Oaxaca,20119,San BartolomÃ© YucuaÃ±e,8600.13,1206.68710737,CENTRO-SUR,3A
4230,20,Oaxaca,20119,San BartolomÃ© YucuaÃ±e,8600.13,2708.66494556,CENTRO-SUR,3B
4231,20,Oaxaca,20119,San BartolomÃ© YucuaÃ±e,8600.13,860.111863752,CENTRO-SUR,6
4236,20,Oaxaca,20121,San Bartolo Soyaltepec,7490.19,28.9561037736,CENTRO-SUR,3A
4243,20,Oaxaca,20123,San Bernardo Mixtepec,10897.36,513.971879164,CENTRO-SUR,3A
4244,20,Oaxaca,20123,San Bernardo Mixtepec,10897.36,1704.12915094,CENTRO-SUR,3B
4245,20,Oaxaca,20123,San Bernardo Mixtepec,10897.36,212.440758156,CENTRO-SUR,6
4250,20,Oaxaca,20125,San Carlos Yautepec,231440.88,5680.879397,CENTRO-SUR,3A
4251,20,Oaxaca,20125,San Carlos Yautepec,231440.88,26985.1797019,CENTRO-SUR,3B
4252,20,Oaxaca,20125,San Carlos Yautepec,231440.88,1318.3416676,CENTRO-SUR,5
4253,20,Oaxaca,20125,San Carlos Yautepec,231440.88,10687.8826692,CENTRO-SUR,6
4254,20,Oaxaca,20126,San CristÃ³bal AmatlÃ¡n,13741.7,3676.69288008,CENTRO-SUR,3A
4255,20,Oaxaca,20126,San CristÃ³bal AmatlÃ¡n,13741.7,1613.35261531,CENTRO-SUR,3B
4257,20,Oaxaca,20126,San CristÃ³bal AmatlÃ¡n,13741.7,1353.87193791,CENTRO-SUR,6
4272,20,Oaxaca,20131,San Dionisio Ocotepec,31121.99,821.390661955,CENTRO-SUR,3A
4273,20,Oaxaca,20131,San Dionisio Ocotepec,31121.99,72.3922065914,CENTRO-SUR,3B
4277,20,Oaxaca,20133,San Esteban Atatlahuca,10939.41,0.87324649261,CENTRO-SUR,1
4278,20,Oaxaca,20133,San Esteban Atatlahuca,10939.41,34.7932635685,CENTRO-SUR,2
4279,20,Oaxaca,20133,San Esteban Atatlahuca,10939.41,1980.38892353,CENTRO-SUR,3A
4280,20,Oaxaca,20133,San Esteban Atatlahuca,10939.41,1768.60366969,CENTRO-SUR,3B
4281,20,Oaxaca,20133,San Esteban Atatlahuca,10939.41,351.255372538,CENTRO-SUR,6
4287,20,Oaxaca,20135,San Felipe TejalÃ¡pam,9951.88,3856.0397113,CENTRO-SUR,3A
4288,20,Oaxaca,20135,San Felipe TejalÃ¡pam,9951.88,366.784240471,CENTRO-SUR,3B
4289,20,Oaxaca,20135,San Felipe TejalÃ¡pam,9951.88,167.070547202,CENTRO-SUR,6
4327,20,Oaxaca,20145,San Francisco LachigolÃ³,1147.45,7.1207712836,CENTRO-SUR,3A
4328,20,Oaxaca,20145,San Francisco LachigolÃ³,1147.45,0.35873754492,CENTRO-SUR,3B
4329,20,Oaxaca,20145,San Francisco LachigolÃ³,1147.45,0.32167565824,CENTRO-SUR,6
4330,20,Oaxaca,20146,San Francisco Logueche,4099.84,107.556444393,CENTRO-SUR,3A
4336,20,Oaxaca,20148,San Francisco Ozolotepec,4974.59,42.338990184,CENTRO-SUR,3A
4337,20,Oaxaca,20148,San Francisco Ozolotepec,4974.59,2427.61509119,CENTRO-SUR,3B
4338,20,Oaxaca,20148,San Francisco Ozolotepec,4974.59,270.993830504,CENTRO-SUR,6
4342,20,Oaxaca,20150,San Francisco Telixtlahuaca,19304.08,2037.80218958,CENTRO-SUR,3A
4343,20,Oaxaca,20150,San Francisco Telixtlahuaca,19304.08,392.996399629,CENTRO-SUR,3B
4345,20,Oaxaca,20150,San Francisco Telixtlahuaca,19304.08,529.781649705,CENTRO-SUR,6
4353,20,Oaxaca,20153,San Gabriel Mixtepec,17946.52,1787.28623159,CENTRO-SUR,1
4354,20,Oaxaca,20153,San Gabriel Mixtepec,17946.52,204.311173969,CENTRO-SUR,2
4359,20,Oaxaca,20153,San Gabriel Mixtepec,17946.52,134.470835572,CENTRO-SUR,6
4360,20,Oaxaca,20154,San Ildefonso AmatlÃ¡n,6139.71,2084.14964354,CENTRO-SUR,3A
4361,20,Oaxaca,20154,San Ildefonso AmatlÃ¡n,6139.71,482.547896186,CENTRO-SUR,3B
4362,20,Oaxaca,20154,San Ildefonso AmatlÃ¡n,6139.71,447.686728537,CENTRO-SUR,6
4375,20,Oaxaca,20159,San JerÃ³nimo CoatlÃ¡n,58675.33,3022.58075537,CENTRO-SUR,1
4376,20,Oaxaca,20159,San JerÃ³nimo CoatlÃ¡n,58675.33,635.15950942,CENTRO-SUR,2
4377,20,Oaxaca,20159,San JerÃ³nimo CoatlÃ¡n,58675.33,1383.35068088,CENTRO-SUR,3A
4378,20,Oaxaca,20159,San JerÃ³nimo CoatlÃ¡n,58675.33,1265.2148896,CENTRO-SUR,3B
4381,20,Oaxaca,20159,San JerÃ³nimo CoatlÃ¡n,58675.33,812.638286541,CENTRO-SUR,6
4385,20,Oaxaca,20161,San JerÃ³nimo Sosola,22017.73,844.411619829,CENTRO-SUR,3A
4386,20,Oaxaca,20161,San JerÃ³nimo Sosola,22017.73,545.183593359,CENTRO-SUR,3B
4387,20,Oaxaca,20161,San JerÃ³nimo Sosola,22017.73,652.663525007,CENTRO-SUR,5
4388,20,Oaxaca,20161,San JerÃ³nimo Sosola,22017.73,285.213783903,CENTRO-SUR,6
4393,20,Oaxaca,20163,San JerÃ³nimo TecÃ³atl,1778.37,6.7396028927,CENTRO-SUR,1
4394,20,Oaxaca,20163,San JerÃ³nimo TecÃ³atl,1778.37,83.4668559083,CENTRO-SUR,2
4409,20,Oaxaca,20167,San JosÃ© del PeÃ±asco,2863.53,121.592236075,CENTRO-SUR,3A
4410,20,Oaxaca,20167,San JosÃ© del PeÃ±asco,2863.53,236.937519054,CENTRO-SUR,3B
4411,20,Oaxaca,20167,San JosÃ© del PeÃ±asco,2863.53,102.077257878,CENTRO-SUR,6
4426,20,Oaxaca,20172,San Juan Achiutla,3563.34,294.691441482,CENTRO-SUR,3A
4427,20,Oaxaca,20172,San Juan Achiutla,3563.34,219.975850801,CENTRO-SUR,3B
4428,20,Oaxaca,20172,San Juan Achiutla,3563.34,25.517467974,CENTRO-SUR,6
4448,20,Oaxaca,20178,San Juan Bautista Guelache,5216.86,2407.55653724,CENTRO-SUR,3A
4449,20,Oaxaca,20178,San Juan Bautista Guelache,5216.86,914.405009124,CENTRO-SUR,3B
4450,20,Oaxaca,20178,San Juan Bautista Guelache,5216.86,20.7759104868,CENTRO-SUR,6
4483,20,Oaxaca,20188,San Juan Colorado,12446.51,351.409372255,CENTRO-SUR,3A
4484,20,Oaxaca,20188,San Juan Colorado,12446.51,664.332787694,CENTRO-SUR,3B
4485,20,Oaxaca,20188,San Juan Colorado,12446.51,278.985542195,CENTRO-SUR,4B
4486,20,Oaxaca,20188,San Juan Colorado,12446.51,20.2607888301,CENTRO-SUR,5
4487,20,Oaxaca,20188,San Juan Colorado,12446.51,134.199921055,CENTRO-SUR,6
4507,20,Oaxaca,20193,San Juan del Estado,13213.79,3373.95325324,CENTRO-SUR,3A
4508,20,Oaxaca,20193,San Juan del Estado,13213.79,3044.64916883,CENTRO-SUR,3B
4509,20,Oaxaca,20193,San Juan del Estado,13213.79,367.018268777,CENTRO-SUR,6
4514,20,Oaxaca,20195,San Juan Diuxi,3493.19,61.2729917926,CENTRO-SUR,3A
4515,20,Oaxaca,20195,San Juan Diuxi,3493.19,331.396382827,CENTRO-SUR,3B
4516,20,Oaxaca,20195,San Juan Diuxi,3493.19,188.607109594,CENTRO-SUR,6
4543,20,Oaxaca,20202,San Juan Lachao,21055.9,712.227917275,CENTRO-SUR,1
4544,20,Oaxaca,20202,San Juan Lachao,21055.9,6821.87959224,CENTRO-SUR,2
4545,20,Oaxaca,20202,San Juan Lachao,21055.9,203.287694341,CENTRO-SUR,3A
4546,20,Oaxaca,20202,San Juan Lachao,21055.9,1819.00399044,CENTRO-SUR,3B
4547,20,Oaxaca,20202,San Juan Lachao,21055.9,929.932045672,CENTRO-SUR,6
4563,20,Oaxaca,20206,San Juan de los CuÃ©s,11928.78,1.08227943377,CENTRO-SUR,1
4564,20,Oaxaca,20206,San Juan de los CuÃ©s,11928.78,0.69206587429,CENTRO-SUR,2
4565,20,Oaxaca,20206,San Juan de los CuÃ©s,11928.78,2.9542663541,CENTRO-SUR,3A
4566,20,Oaxaca,20206,San Juan de los CuÃ©s,11928.78,1.45334167782,CENTRO-SUR,3B
4579,20,Oaxaca,20209,San Juan Mixtepec,7582.81,503.203898393,CENTRO-SUR,3A
4580,20,Oaxaca,20209,San Juan Mixtepec,7582.81,269.573551929,CENTRO-SUR,3B
4581,20,Oaxaca,20209,San Juan Mixtepec,7582.81,695.752252299,CENTRO-SUR,6
4585,20,Oaxaca,20211,San Juan Ozolotepec,20768.44,37.9297696042,CENTRO-SUR,1
4586,20,Oaxaca,20211,San Juan Ozolotepec,20768.44,1295.86587329,CENTRO-SUR,2
4587,20,Oaxaca,20211,San Juan Ozolotepec,20768.44,2827.79442996,CENTRO-SUR,3A
4588,20,Oaxaca,20211,San Juan Ozolotepec,20768.44,4294.88863202,CENTRO-SUR,3B
4589,20,Oaxaca,20211,San Juan Ozolotepec,20768.44,2705.41973645,CENTRO-SUR,6
4595,20,Oaxaca,20213,San Juan Quiahije,20481.16,55.3755979184,CENTRO-SUR,3A
4596,20,Oaxaca,20213,San Juan Quiahije,20481.16,1321.26574425,CENTRO-SUR,3B
4597,20,Oaxaca,20213,San Juan Quiahije,20481.16,149.339414236,CENTRO-SUR,6
4616,20,Oaxaca,20218,San Juan Teita,7110.93,371.994711684,CENTRO-SUR,3A
4617,20,Oaxaca,20218,San Juan Teita,7110.93,32.0830045549,CENTRO-SUR,3B
4618,20,Oaxaca,20218,San Juan Teita,7110.93,694.116074306,CENTRO-SUR,6
4619,20,Oaxaca,20219,San Juan Teitipac,4136.44,180.185612251,CENTRO-SUR,3A
4620,20,Oaxaca,20219,San Juan Teitipac,4136.44,197.722048134,CENTRO-SUR,3B
4648,20,Oaxaca,20226,San Lorenzo Albarradas,13473.83,3317.58722887,CENTRO-SUR,3A
4649,20,Oaxaca,20226,San Lorenzo Albarradas,13473.83,246.934285631,CENTRO-SUR,3B
4650,20,Oaxaca,20226,San Lorenzo Albarradas,13473.83,83.0403102453,CENTRO-SUR,5
4651,20,Oaxaca,20226,San Lorenzo Albarradas,13473.83,922.384861851,CENTRO-SUR,6
4659,20,Oaxaca,20229,San Lorenzo TexmelÃºcan,13790.81,7325.77418698,CENTRO-SUR,3A
4660,20,Oaxaca,20229,San Lorenzo TexmelÃºcan,13790.81,3245.60094404,CENTRO-SUR,3B
4661,20,Oaxaca,20229,San Lorenzo TexmelÃºcan,13790.81,3102.51714,CENTRO-SUR,6
4674,20,Oaxaca,20233,San Lucas QuiavinÃ­,5189.67,249.456549306,CENTRO-SUR,3A
4675,20,Oaxaca,20233,San Lucas QuiavinÃ­,5189.67,214.505525448,CENTRO-SUR,3B
4677,20,Oaxaca,20234,San Lucas ZoquiÃ¡pam,6481.91,1.35133829732,CENTRO-SUR,1
4678,20,Oaxaca,20234,San Lucas ZoquiÃ¡pam,6481.91,38.1201798805,CENTRO-SUR,2
4685,20,Oaxaca,20236,San Marcial Ozolotepec,5409.34,34.8111420218,CENTRO-SUR,1
4686,20,Oaxaca,20236,San Marcial Ozolotepec,5409.34,1143.73126434,CENTRO-SUR,2
4687,20,Oaxaca,20236,San Marcial Ozolotepec,5409.34,3.22098109972,CENTRO-SUR,3A
4688,20,Oaxaca,20236,San Marcial Ozolotepec,5409.34,3224.6860596,CENTRO-SUR,3B
4689,20,Oaxaca,20236,San Marcial Ozolotepec,5409.34,549.098759959,CENTRO-SUR,6
4700,20,Oaxaca,20240,San MartÃ­n Itunyoso,6380.48,311.671973565,CENTRO-SUR,3A
4701,20,Oaxaca,20240,San MartÃ­n Itunyoso,6380.48,39.9018229892,CENTRO-SUR,3B
4702,20,Oaxaca,20240,San MartÃ­n Itunyoso,6380.48,90.2341115261,CENTRO-SUR,6
4714,20,Oaxaca,20244,San MartÃ­n Toxpalan,6397.06,476.578460474,CENTRO-SUR,1
4715,20,Oaxaca,20244,San MartÃ­n Toxpalan,6397.06,188.648799415,CENTRO-SUR,2
4716,20,Oaxaca,20244,San MartÃ­n Toxpalan,6397.06,352.40229474,CENTRO-SUR,3A
4717,20,Oaxaca,20244,San MartÃ­n Toxpalan,6397.06,286.412472247,CENTRO-SUR,3B
4718,20,Oaxaca,20244,San MartÃ­n Toxpalan,6397.06,1212.70063701,CENTRO-SUR,5
4719,20,Oaxaca,20244,San MartÃ­n Toxpalan,6397.06,2624.97403163,CENTRO-SUR,6
4744,20,Oaxaca,20252,San Mateo PeÃ±asco,5595.8,7.14832815193,CENTRO-SUR,3B
4746,20,Oaxaca,20253,San Mateo PiÃ±as,16278.17,18.6350151323,CENTRO-SUR,1
4747,20,Oaxaca,20253,San Mateo PiÃ±as,16278.17,1288.90002335,CENTRO-SUR,2
4748,20,Oaxaca,20253,San Mateo PiÃ±as,16278.17,0.02042700474,CENTRO-SUR,3A
4749,20,Oaxaca,20253,San Mateo PiÃ±as,16278.17,461.725978257,CENTRO-SUR,3B
4750,20,Oaxaca,20253,San Mateo PiÃ±as,16278.17,172.373724181,CENTRO-SUR,4B
4751,20,Oaxaca,20253,San Mateo PiÃ±as,16278.17,1777.8167393,CENTRO-SUR,5
4753,20,Oaxaca,20254,San Mateo RÃ­o Hondo,21230.09,831.231146186,CENTRO-SUR,1
4754,20,Oaxaca,20254,San Mateo RÃ­o Hondo,21230.09,2452.40839402,CENTRO-SUR,2
4755,20,Oaxaca,20254,San Mateo RÃ­o Hondo,21230.09,9653.51346723,CENTRO-SUR,3A
4756,20,Oaxaca,20254,San Mateo RÃ­o Hondo,21230.09,3534.88720181,CENTRO-SUR,3B
4757,20,Oaxaca,20254,San Mateo RÃ­o Hondo,21230.09,928.137220785,CENTRO-SUR,6
4758,20,Oaxaca,20255,San Mateo Sindihui,14181.91,820.14696814,CENTRO-SUR,3A
4759,20,Oaxaca,20255,San Mateo Sindihui,14181.91,20.7679303634,CENTRO-SUR,3B
4761,20,Oaxaca,20255,San Mateo Sindihui,14181.91,229.782247056,CENTRO-SUR,6
4770,20,Oaxaca,20258,San Miguel Achiutla,6763.68,1944.73455155,CENTRO-SUR,3A
4771,20,Oaxaca,20258,San Miguel Achiutla,6763.68,1144.0460039,CENTRO-SUR,3B
4772,20,Oaxaca,20258,San Miguel Achiutla,6763.68,17.6395634795,CENTRO-SUR,6
4791,20,Oaxaca,20263,San Miguel CoatlÃ¡n,12411.9,4229.38579172,CENTRO-SUR,3A
4792,20,Oaxaca,20263,San Miguel CoatlÃ¡n,12411.9,4881.67997513,CENTRO-SUR,3B
4793,20,Oaxaca,20263,San Miguel CoatlÃ¡n,12411.9,412.734021183,CENTRO-SUR,6
4805,20,Oaxaca,20266,San Miguel del Puerto,52255.84,278.319161563,CENTRO-SUR,1
4806,20,Oaxaca,20266,San Miguel del Puerto,52255.84,7441.24329874,CENTRO-SUR,2
4807,20,Oaxaca,20266,San Miguel del Puerto,52255.84,915.527824345,CENTRO-SUR,3A
4808,20,Oaxaca,20266,San Miguel del Puerto,52255.84,1505.93889415,CENTRO-SUR,3B
4809,20,Oaxaca,20266,San Miguel del Puerto,52255.84,2356.37607375,CENTRO-SUR,4B
4810,20,Oaxaca,20266,San Miguel del Puerto,52255.84,11614.1274299,CENTRO-SUR,5
4811,20,Oaxaca,20266,San Miguel del Puerto,52255.84,22466.1069396,CENTRO-SUR,6
4819,20,Oaxaca,20269,San Miguel el Grande,10342.53,2346.77468311,CENTRO-SUR,3A
4820,20,Oaxaca,20269,San Miguel el Grande,10342.53,884.432876937,CENTRO-SUR,3B
4821,20,Oaxaca,20269,San Miguel el Grande,10342.53,267.51423464,CENTRO-SUR,6
4826,20,Oaxaca,20271,San Miguel Mixtepec,7309.54,3332.87063508,CENTRO-SUR,3A
4827,20,Oaxaca,20271,San Miguel Mixtepec,7309.54,2318.6717219,CENTRO-SUR,3B
4828,20,Oaxaca,20271,San Miguel Mixtepec,7309.54,1051.42775106,CENTRO-SUR,6
4829,20,Oaxaca,20272,San Miguel Panixtlahuaca,14490.92,666.327828687,CENTRO-SUR,1
4830,20,Oaxaca,20272,San Miguel Panixtlahuaca,14490.92,4143.28430173,CENTRO-SUR,2
4831,20,Oaxaca,20272,San Miguel Panixtlahuaca,14490.92,1560.62232849,CENTRO-SUR,3A
4832,20,Oaxaca,20272,San Miguel Panixtlahuaca,14490.92,425.874009903,CENTRO-SUR,3B
4833,20,Oaxaca,20272,San Miguel Panixtlahuaca,14490.92,16.2995192371,CENTRO-SUR,4B
4834,20,Oaxaca,20272,San Miguel Panixtlahuaca,14490.92,612.215731667,CENTRO-SUR,5
4835,20,Oaxaca,20272,San Miguel Panixtlahuaca,14490.92,40.8272752513,CENTRO-SUR,6
4836,20,Oaxaca,20273,San Miguel Peras,15557.73,21.9808920932,CENTRO-SUR,3A
4837,20,Oaxaca,20273,San Miguel Peras,15557.73,67.8972808086,CENTRO-SUR,3B
4852,20,Oaxaca,20277,Villa Sola de Vega,97673.32,4678.01093984,CENTRO-SUR,3A
4853,20,Oaxaca,20277,Villa Sola de Vega,97673.32,9585.19643366,CENTRO-SUR,3B
4855,20,Oaxaca,20277,Villa Sola de Vega,97673.32,488.003710359,CENTRO-SUR,6
4859,20,Oaxaca,20279,San Miguel Suchixtepec,6994.79,0.39576619993,CENTRO-SUR,2
4860,20,Oaxaca,20279,San Miguel Suchixtepec,6994.79,111.241904272,CENTRO-SUR,3A
4861,20,Oaxaca,20279,San Miguel Suchixtepec,6994.79,5569.50218784,CENTRO-SUR,3B
4862,20,Oaxaca,20279,San Miguel Suchixtepec,6994.79,931.369852693,CENTRO-SUR,6
4879,20,Oaxaca,20284,San Miguel TilquiÃ¡pam,7125.63,6.51387496158,CENTRO-SUR,3A
4880,20,Oaxaca,20284,San Miguel TilquiÃ¡pam,7125.63,13.9452328925,CENTRO-SUR,3B
4902,20,Oaxaca,20291,San Pablo CoatlÃ¡n,18889.36,0.13383618818,CENTRO-SUR,1
4904,20,Oaxaca,20291,San Pablo CoatlÃ¡n,18889.36,5159.53769021,CENTRO-SUR,3A
4905,20,Oaxaca,20291,San Pablo CoatlÃ¡n,18889.36,2136.3927158,CENTRO-SUR,3B
4907,20,Oaxaca,20291,San Pablo CoatlÃ¡n,18889.36,192.032496173,CENTRO-SUR,6
4908,20,Oaxaca,20292,San Pablo Cuatro Venados,7392.61,4643.8798483,CENTRO-SUR,3A
4909,20,Oaxaca,20292,San Pablo Cuatro Venados,7392.61,596.361721241,CENTRO-SUR,3B
4910,20,Oaxaca,20292,San Pablo Cuatro Venados,7392.61,757.320891199,CENTRO-SUR,6
4911,20,Oaxaca,20293,San Pablo Etla,4442.19,533.173680323,CENTRO-SUR,3A
4912,20,Oaxaca,20293,San Pablo Etla,4442.19,1700.65249166,CENTRO-SUR,3B
4914,20,Oaxaca,20294,San Pablo Huitzo,10156.14,3768.91548361,CENTRO-SUR,3A
4915,20,Oaxaca,20294,San Pablo Huitzo,10156.14,325.583452079,CENTRO-SUR,3B
4916,20,Oaxaca,20294,San Pablo Huitzo,10156.14,164.386973991,CENTRO-SUR,6
4930,20,Oaxaca,20298,San Pablo Villa de Mitla,28100.26,6107.53659715,CENTRO-SUR,3A
4931,20,Oaxaca,20298,San Pablo Villa de Mitla,28100.26,1823.8485376,CENTRO-SUR,3B
4933,20,Oaxaca,20298,San Pablo Villa de Mitla,28100.26,1246.63648774,CENTRO-SUR,6
4955,20,Oaxaca,20306,San Pedro el Alto,7491.86,20.2850162103,CENTRO-SUR,3A
4956,20,Oaxaca,20306,San Pedro el Alto,7491.86,392.133098703,CENTRO-SUR,3B
4957,20,Oaxaca,20306,San Pedro el Alto,7491.86,118.251677343,CENTRO-SUR,6
4959,20,Oaxaca,20307,San Pedro Huamelula,69820.3,1633.34974866,CENTRO-SUR,5
4960,20,Oaxaca,20307,San Pedro Huamelula,69820.3,1876.91160379,CENTRO-SUR,6
4966,20,Oaxaca,20310,San Pedro Ixtlahuaca,2320.71,150.173641857,CENTRO-SUR,3A
4967,20,Oaxaca,20310,San Pedro Ixtlahuaca,2320.71,44.5882531126,CENTRO-SUR,3B
4998,20,Oaxaca,20319,San Pedro Mixtepec,15542.93,138.054747286,CENTRO-SUR,3B
5000,20,Oaxaca,20320,San Pedro Molinos,2643.64,113.980992946,CENTRO-SUR,3A
5001,20,Oaxaca,20320,San Pedro Molinos,2643.64,29.717355773,CENTRO-SUR,3B
5002,20,Oaxaca,20320,San Pedro Molinos,2643.64,187.488165255,CENTRO-SUR,6
5017,20,Oaxaca,20324,San Pedro Pochutla,44807.18,846.246645413,CENTRO-SUR,4B
5018,20,Oaxaca,20324,San Pedro Pochutla,44807.18,79.1646026301,CENTRO-SUR,5
5019,20,Oaxaca,20324,San Pedro Pochutla,44807.18,0.00266039645,CENTRO-SUR,6
5048,20,Oaxaca,20331,San Pedro TidaÃ¡,4597.22,718.444960181,CENTRO-SUR,3A
5049,20,Oaxaca,20331,San Pedro TidaÃ¡,4597.22,1499.52018072,CENTRO-SUR,3B
5050,20,Oaxaca,20331,San Pedro TidaÃ¡,4597.22,7.24302696295,CENTRO-SUR,6
5051,20,Oaxaca,20332,San Pedro Topiltepec,3282.89,1280.44962107,CENTRO-SUR,3A
5052,20,Oaxaca,20332,San Pedro Topiltepec,3282.89,55.1608442385,CENTRO-SUR,3B
5053,20,Oaxaca,20332,San Pedro Topiltepec,3282.89,190.642183905,CENTRO-SUR,6
5058,20,Oaxaca,20334,Villa de Tututepec,122250.46,56.2557880766,CENTRO-SUR,1
5059,20,Oaxaca,20334,Villa de Tututepec,122250.46,1657.13488254,CENTRO-SUR,2
5063,20,Oaxaca,20334,Villa de Tututepec,122250.46,862.475815625,CENTRO-SUR,4B
5064,20,Oaxaca,20334,Villa de Tututepec,122250.46,1718.68069567,CENTRO-SUR,5
5065,20,Oaxaca,20334,Villa de Tututepec,122250.46,1116.90470161,CENTRO-SUR,6
5078,20,Oaxaca,20337,San Pedro y San Pablo Ayutla,17198.68,45.6708504858,CENTRO-SUR,3A
5081,20,Oaxaca,20337,San Pedro y San Pablo Ayutla,17198.68,0.32381410797,CENTRO-SUR,6
5084,20,Oaxaca,20339,San Pedro y San Pablo Teposcolula,17877.42,1528.24445883,CENTRO-SUR,3A
5085,20,Oaxaca,20339,San Pedro y San Pablo Teposcolula,17877.42,328.554113031,CENTRO-SUR,3B
5086,20,Oaxaca,20339,San Pedro y San Pablo Teposcolula,17877.42,1.02732480188,CENTRO-SUR,6
5087,20,Oaxaca,20340,San Pedro y San Pablo Tequixtepec,17987.58,261.785088294,CENTRO-SUR,3A
5088,20,Oaxaca,20340,San Pedro y San Pablo Tequixtepec,17987.58,44.4418923818,CENTRO-SUR,3B
5090,20,Oaxaca,20340,San Pedro y San Pablo Tequixtepec,17987.58,1373.72226319,CENTRO-SUR,6
5098,20,Oaxaca,20344,San SebastiÃ¡n CoatlÃ¡n,20808.32,19.9018043994,CENTRO-SUR,1
5100,20,Oaxaca,20344,San SebastiÃ¡n CoatlÃ¡n,20808.32,274.344589826,CENTRO-SUR,3A
5101,20,Oaxaca,20344,San SebastiÃ¡n CoatlÃ¡n,20808.32,99.0648064349,CENTRO-SUR,3B
5110,20,Oaxaca,20347,San SebastiÃ¡n RÃ­o Hondo,10673.09,4120.96802383,CENTRO-SUR,3A
5111,20,Oaxaca,20347,San SebastiÃ¡n RÃ­o Hondo,10673.09,3072.81980363,CENTRO-SUR,3B
5112,20,Oaxaca,20347,San SebastiÃ¡n RÃ­o Hondo,10673.09,1854.11229214,CENTRO-SUR,6
5146,20,Oaxaca,20356,Santa Ana del Valle,2792.9,1227.22155261,CENTRO-SUR,3A
5147,20,Oaxaca,20356,Santa Ana del Valle,2792.9,24.3694388302,CENTRO-SUR,3B
5148,20,Oaxaca,20356,Santa Ana del Valle,2792.9,123.85878315,CENTRO-SUR,6
5150,20,Oaxaca,20357,Santa Ana Tavela,17294.77,758.504396807,CENTRO-SUR,3B
5153,20,Oaxaca,20358,Santa Ana Tlapacoyan,4680.02,70.7505869666,CENTRO-SUR,3A
5154,20,Oaxaca,20358,Santa Ana Tlapacoyan,4680.02,25.9641759764,CENTRO-SUR,3B
5163,20,Oaxaca,20361,Santa Catalina QuierÃ­,5142.64,39.3354586043,CENTRO-SUR,3A
5164,20,Oaxaca,20361,Santa Catalina QuierÃ­,5142.64,420.029063235,CENTRO-SUR,3B
5165,20,Oaxaca,20361,Santa Catalina QuierÃ­,5142.64,215.673492768,CENTRO-SUR,6
5166,20,Oaxaca,20362,Santa Catarina Cuixtla,2569.68,207.196655361,CENTRO-SUR,3A
5167,20,Oaxaca,20362,Santa Catarina Cuixtla,2569.68,9.37593688733,CENTRO-SUR,3B
5169,20,Oaxaca,20362,Santa Catarina Cuixtla,2569.68,14.8798617665,CENTRO-SUR,6
5170,20,Oaxaca,20363,Santa Catarina Ixtepeji,22029.75,1331.69480084,CENTRO-SUR,3A
5171,20,Oaxaca,20363,Santa Catarina Ixtepeji,22029.75,1881.60568863,CENTRO-SUR,3B
5172,20,Oaxaca,20363,Santa Catarina Ixtepeji,22029.75,541.83201906,CENTRO-SUR,5
5173,20,Oaxaca,20363,Santa Catarina Ixtepeji,22029.75,244.8991946,CENTRO-SUR,6
5174,20,Oaxaca,20364,Santa Catarina Juquila,64116.84,2690.44680415,CENTRO-SUR,1
5175,20,Oaxaca,20364,Santa Catarina Juquila,64116.84,6353.31870767,CENTRO-SUR,2
5176,20,Oaxaca,20364,Santa Catarina Juquila,64116.84,1875.49285383,CENTRO-SUR,3A
5177,20,Oaxaca,20364,Santa Catarina Juquila,64116.84,856.560873434,CENTRO-SUR,3B
5178,20,Oaxaca,20364,Santa Catarina Juquila,64116.84,1001.30388167,CENTRO-SUR,4B
5179,20,Oaxaca,20364,Santa Catarina Juquila,64116.84,1471.12071417,CENTRO-SUR,5
5180,20,Oaxaca,20364,Santa Catarina Juquila,64116.84,1421.54915159,CENTRO-SUR,6
5181,20,Oaxaca,20365,Santa Catarina Lachatao,10121.45,1.45759442071,CENTRO-SUR,3A
5182,20,Oaxaca,20365,Santa Catarina Lachatao,10121.45,2.29265452431,CENTRO-SUR,3B
5183,20,Oaxaca,20365,Santa Catarina Lachatao,10121.45,1.08256993676,CENTRO-SUR,6
5186,20,Oaxaca,20366,Santa Catarina Loxicha,12733.83,538.302550048,CENTRO-SUR,3A
5187,20,Oaxaca,20366,Santa Catarina Loxicha,12733.83,5184.80549625,CENTRO-SUR,3B
5188,20,Oaxaca,20366,Santa Catarina Loxicha,12733.83,38.849537142,CENTRO-SUR,5
5189,20,Oaxaca,20366,Santa Catarina Loxicha,12733.83,928.31247565,CENTRO-SUR,6
5192,20,Oaxaca,20368,Santa Catarina Minas,3642.32,12.8716662797,CENTRO-SUR,3A
5193,20,Oaxaca,20368,Santa Catarina Minas,3642.32,74.0177992596,CENTRO-SUR,3B
5201,20,Oaxaca,20371,Santa Catarina TicuÃ¡,2982.87,50.3599812035,CENTRO-SUR,3A
5202,20,Oaxaca,20371,Santa Catarina TicuÃ¡,2982.87,8.30865958344,CENTRO-SUR,3B
5203,20,Oaxaca,20371,Santa Catarina TicuÃ¡,2982.87,7.20351477619,CENTRO-SUR,6
5206,20,Oaxaca,20372,Santa Catarina YosonotÃº,3834.88,11.6539590405,CENTRO-SUR,3A
5207,20,Oaxaca,20372,Santa Catarina YosonotÃº,3834.88,169.287548737,CENTRO-SUR,3B
5208,20,Oaxaca,20372,Santa Catarina YosonotÃº,3834.88,1.108720649,CENTRO-SUR,6
5223,20,Oaxaca,20377,Santa Cruz Itundujia,56569.18,99.5546159439,CENTRO-SUR,1
5224,20,Oaxaca,20377,Santa Cruz Itundujia,56569.18,21.8669000173,CENTRO-SUR,2
5225,20,Oaxaca,20377,Santa Cruz Itundujia,56569.18,2288.0385826,CENTRO-SUR,3A
5226,20,Oaxaca,20377,Santa Cruz Itundujia,56569.18,1773.96954245,CENTRO-SUR,3B
5228,20,Oaxaca,20377,Santa Cruz Itundujia,56569.18,115.090289341,CENTRO-SUR,6
5229,20,Oaxaca,20378,Santa Cruz Mixtepec,4698.77,1.86469484042,CENTRO-SUR,3A
5230,20,Oaxaca,20378,Santa Cruz Mixtepec,4698.77,0.1548754401,CENTRO-SUR,3B
5231,20,Oaxaca,20378,Santa Cruz Mixtepec,4698.77,1.11527963037,CENTRO-SUR,6
5232,20,Oaxaca,20379,Santa Cruz Nundaco,4361.96,858.142665265,CENTRO-SUR,3A
5233,20,Oaxaca,20379,Santa Cruz Nundaco,4361.96,30.6463256412,CENTRO-SUR,3B
5234,20,Oaxaca,20379,Santa Cruz Nundaco,4361.96,139.94052077,CENTRO-SUR,6
5253,20,Oaxaca,20386,Santa Cruz Zenzontepec,48573.2,80.8975791084,CENTRO-SUR,3B
5255,20,Oaxaca,20386,Santa Cruz Zenzontepec,48573.2,0.31218535427,CENTRO-SUR,6
5259,20,Oaxaca,20388,Santa InÃ©s del Monte,4920.98,1578.8464628,CENTRO-SUR,3A
5260,20,Oaxaca,20388,Santa InÃ©s del Monte,4920.98,5.52560271287,CENTRO-SUR,3B
5261,20,Oaxaca,20388,Santa InÃ©s del Monte,4920.98,2.49424104552,CENTRO-SUR,6
5264,20,Oaxaca,20391,Santa LucÃ­a MiahuatlÃ¡n,7034.09,4072.68696553,CENTRO-SUR,3A
5265,20,Oaxaca,20391,Santa LucÃ­a MiahuatlÃ¡n,7034.09,816.80744937,CENTRO-SUR,3B
5266,20,Oaxaca,20391,Santa LucÃ­a MiahuatlÃ¡n,7034.09,1788.03736697,CENTRO-SUR,6
5284,20,Oaxaca,20397,Heroica Ciudad de Tlaxiaco,34684.76,115.48928654,CENTRO-SUR,1
5285,20,Oaxaca,20397,Heroica Ciudad de Tlaxiaco,34684.76,1.22488044203,CENTRO-SUR,2
5286,20,Oaxaca,20397,Heroica Ciudad de Tlaxiaco,34684.76,12.8415597499,CENTRO-SUR,3A
5287,20,Oaxaca,20397,Heroica Ciudad de Tlaxiaco,34684.76,52.7900556106,CENTRO-SUR,3B
5288,20,Oaxaca,20397,Heroica Ciudad de Tlaxiaco,34684.76,0.97192206993,CENTRO-SUR,6
5289,20,Oaxaca,20398,Ayoquezco de Aldama,10474.36,187.186875456,CENTRO-SUR,3A
5290,20,Oaxaca,20398,Ayoquezco de Aldama,10474.36,197.124202278,CENTRO-SUR,3B
5330,20,Oaxaca,20410,Santa MarÃ­a Ecatepec,54297.31,515.589596774,CENTRO-SUR,1
5331,20,Oaxaca,20410,Santa MarÃ­a Ecatepec,54297.31,199.449051586,CENTRO-SUR,2
5332,20,Oaxaca,20410,Santa MarÃ­a Ecatepec,54297.31,12116.9612058,CENTRO-SUR,3A
5333,20,Oaxaca,20410,Santa MarÃ­a Ecatepec,54297.31,4561.2896234,CENTRO-SUR,3B
5334,20,Oaxaca,20410,Santa MarÃ­a Ecatepec,54297.31,1238.04214608,CENTRO-SUR,5
5335,20,Oaxaca,20410,Santa MarÃ­a Ecatepec,54297.31,1886.19445815,CENTRO-SUR,6
5344,20,Oaxaca,20413,Santa MarÃ­a Huatulco,51578.74,0.00021808629,CENTRO-SUR,3A
5345,20,Oaxaca,20413,Santa MarÃ­a Huatulco,51578.74,0.00299651225,CENTRO-SUR,3B
5347,20,Oaxaca,20413,Santa MarÃ­a Huatulco,51578.74,2301.2616939,CENTRO-SUR,4B
5348,20,Oaxaca,20413,Santa MarÃ­a Huatulco,51578.74,440.629530332,CENTRO-SUR,5
5349,20,Oaxaca,20413,Santa MarÃ­a Huatulco,51578.74,0.06078816326,CENTRO-SUR,6
5366,20,Oaxaca,20418,Santa MarÃ­a Jalapa del MarquÃ©s,73236.07,384.360764951,CENTRO-SUR,3B
5373,20,Oaxaca,20420,Santa MarÃ­a LachixÃ­o,4978.17,1115.22246063,CENTRO-SUR,3A
5374,20,Oaxaca,20420,Santa MarÃ­a LachixÃ­o,4978.17,704.610936492,CENTRO-SUR,3B
5375,20,Oaxaca,20420,Santa MarÃ­a LachixÃ­o,4978.17,7.43355209792,CENTRO-SUR,6
5381,20,Oaxaca,20423,Santa MarÃ­a Nduayaco,7684.25,969.037734718,CENTRO-SUR,3A
5382,20,Oaxaca,20423,Santa MarÃ­a Nduayaco,7684.25,508.401758858,CENTRO-SUR,3B
5383,20,Oaxaca,20423,Santa MarÃ­a Nduayaco,7684.25,1.08472258174,CENTRO-SUR,6
5384,20,Oaxaca,20424,Santa MarÃ­a Ozolotepec,14610.62,471.36831658,CENTRO-SUR,1
5385,20,Oaxaca,20424,Santa MarÃ­a Ozolotepec,14610.62,962.969610884,CENTRO-SUR,2
5386,20,Oaxaca,20424,Santa MarÃ­a Ozolotepec,14610.62,261.107660844,CENTRO-SUR,3A
5387,20,Oaxaca,20424,Santa MarÃ­a Ozolotepec,14610.62,108.954595969,CENTRO-SUR,3B
5388,20,Oaxaca,20424,Santa MarÃ­a Ozolotepec,14610.62,271.429510481,CENTRO-SUR,6
5396,20,Oaxaca,20426,Santa MarÃ­a PeÃ±oles,23360.87,2848.28820097,CENTRO-SUR,3A
5397,20,Oaxaca,20426,Santa MarÃ­a PeÃ±oles,23360.87,452.486567588,CENTRO-SUR,3B
5398,20,Oaxaca,20426,Santa MarÃ­a PeÃ±oles,23360.87,328.2731381,CENTRO-SUR,6
5405,20,Oaxaca,20428,Santa MarÃ­a Quiegolani,16149.1,3508.54079013,CENTRO-SUR,3A
5406,20,Oaxaca,20428,Santa MarÃ­a Quiegolani,16149.1,149.843929925,CENTRO-SUR,3B
5407,20,Oaxaca,20428,Santa MarÃ­a Quiegolani,16149.1,837.712265212,CENTRO-SUR,5
5408,20,Oaxaca,20428,Santa MarÃ­a Quiegolani,16149.1,276.592410477,CENTRO-SUR,6
5409,20,Oaxaca,20429,Santa MarÃ­a Sola,5222.65,651.763517904,CENTRO-SUR,3A
5410,20,Oaxaca,20429,Santa MarÃ­a Sola,5222.65,657.353240695,CENTRO-SUR,3B
5411,20,Oaxaca,20429,Santa MarÃ­a Sola,5222.65,2.31128270641,CENTRO-SUR,6
5412,20,Oaxaca,20430,Santa MarÃ­a Tataltepec,3710.82,1755.0820677,CENTRO-SUR,3A
5413,20,Oaxaca,20430,Santa MarÃ­a Tataltepec,3710.82,109.270441827,CENTRO-SUR,3B
5414,20,Oaxaca,20430,Santa MarÃ­a Tataltepec,3710.82,683.499608935,CENTRO-SUR,6
5424,20,Oaxaca,20433,Santa MarÃ­a Temaxcaltepec,3490.92,55.8771387377,CENTRO-SUR,1
5425,20,Oaxaca,20433,Santa MarÃ­a Temaxcaltepec,3490.92,1640.20262807,CENTRO-SUR,2
5426,20,Oaxaca,20433,Santa MarÃ­a Temaxcaltepec,3490.92,66.7031357718,CENTRO-SUR,4B
5427,20,Oaxaca,20433,Santa MarÃ­a Temaxcaltepec,3490.92,312.164095474,CENTRO-SUR,5
5428,20,Oaxaca,20433,Santa MarÃ­a Temaxcaltepec,3490.92,522.675740011,CENTRO-SUR,6
5429,20,Oaxaca,20434,Santa MarÃ­a Teopoxco,3665.08,392.191304139,CENTRO-SUR,1
5430,20,Oaxaca,20434,Santa MarÃ­a Teopoxco,3665.08,86.1533397837,CENTRO-SUR,2
5433,20,Oaxaca,20434,Santa MarÃ­a Teopoxco,3665.08,173.810814408,CENTRO-SUR,6
5457,20,Oaxaca,20439,Santa MarÃ­a Tonameca,52442.91,13.6083631419,CENTRO-SUR,4B
5458,20,Oaxaca,20439,Santa MarÃ­a Tonameca,52442.91,16.1631727576,CENTRO-SUR,5
5459,20,Oaxaca,20439,Santa MarÃ­a Tonameca,52442.91,23.8287344592,CENTRO-SUR,6
5461,20,Oaxaca,20440,Santa MarÃ­a Totolapilla,11438.82,0.11633932813,CENTRO-SUR,3B
5484,20,Oaxaca,20446,Santa MarÃ­a Yucuhiti,7314.36,0.23204850981,CENTRO-SUR,1
5486,20,Oaxaca,20446,Santa MarÃ­a Yucuhiti,7314.36,277.453768294,CENTRO-SUR,3A
5487,20,Oaxaca,20446,Santa MarÃ­a Yucuhiti,7314.36,10.3205886224,CENTRO-SUR,3B
5488,20,Oaxaca,20446,Santa MarÃ­a Yucuhiti,7314.36,115.143455268,CENTRO-SUR,6
5489,20,Oaxaca,20447,Santa MarÃ­a Zacatepec,50219.99,2637.05281079,CENTRO-SUR,3A
5490,20,Oaxaca,20447,Santa MarÃ­a Zacatepec,50219.99,150.057163631,CENTRO-SUR,3B
5492,20,Oaxaca,20447,Santa MarÃ­a Zacatepec,50219.99,181.286805088,CENTRO-SUR,6
5538,20,Oaxaca,20459,Santiago Chazumba,32428.21,421.51929349,CENTRO-SUR,3A
5539,20,Oaxaca,20459,Santiago Chazumba,32428.21,31.9870209881,CENTRO-SUR,3B
5540,20,Oaxaca,20459,Santiago Chazumba,32428.21,333.736402048,CENTRO-SUR,5
5541,20,Oaxaca,20459,Santiago Chazumba,32428.21,10513.599913,CENTRO-SUR,6
5569,20,Oaxaca,20466,Santiago Ixtayutla,45775.42,7388.2063874,CENTRO-SUR,3A
5570,20,Oaxaca,20466,Santiago Ixtayutla,45775.42,9390.1839285,CENTRO-SUR,3B
5573,20,Oaxaca,20466,Santiago Ixtayutla,45775.42,1394.44305092,CENTRO-SUR,6
5574,20,Oaxaca,20467,Santiago Jamiltepec,64119.57,526.658322942,CENTRO-SUR,1
5575,20,Oaxaca,20467,Santiago Jamiltepec,64119.57,1144.39189236,CENTRO-SUR,2
5576,20,Oaxaca,20467,Santiago Jamiltepec,64119.57,1190.91594692,CENTRO-SUR,3A
5577,20,Oaxaca,20467,Santiago Jamiltepec,64119.57,1507.55674191,CENTRO-SUR,3B
5578,20,Oaxaca,20467,Santiago Jamiltepec,64119.57,23.9902930396,CENTRO-SUR,4A
5579,20,Oaxaca,20467,Santiago Jamiltepec,64119.57,38.5478830757,CENTRO-SUR,4B
5580,20,Oaxaca,20467,Santiago Jamiltepec,64119.57,1576.24138378,CENTRO-SUR,5
5581,20,Oaxaca,20467,Santiago Jamiltepec,64119.57,523.362407688,CENTRO-SUR,6
5587,20,Oaxaca,20469,Santiago Juxtlahuaca,77501.87,0.06633010183,CENTRO-SUR,1
5591,20,Oaxaca,20469,Santiago Juxtlahuaca,77501.87,46.8534076408,CENTRO-SUR,6
5597,20,Oaxaca,20470,Santiago Lachiguiri,43417.65,15.3088177479,CENTRO-SUR,6
5612,20,Oaxaca,20475,Santiago MatatlÃ¡n,18428.42,1649.23017807,CENTRO-SUR,3A
5613,20,Oaxaca,20475,Santiago MatatlÃ¡n,18428.42,1565.66360184,CENTRO-SUR,3B
5615,20,Oaxaca,20475,Santiago MatatlÃ¡n,18428.42,348.060112214,CENTRO-SUR,6
5619,20,Oaxaca,20477,Santiago Minas,19899.17,1398.73988759,CENTRO-SUR,3A
5620,20,Oaxaca,20477,Santiago Minas,19899.17,3580.53443445,CENTRO-SUR,3B
5621,20,Oaxaca,20477,Santiago Minas,19899.17,459.083170058,CENTRO-SUR,6
5626,20,Oaxaca,20479,Santiago Nejapilla,2045.55,672.433657616,CENTRO-SUR,3A
5627,20,Oaxaca,20479,Santiago Nejapilla,2045.55,218.534108229,CENTRO-SUR,3B
5628,20,Oaxaca,20479,Santiago Nejapilla,2045.55,0.61859521194,CENTRO-SUR,6
5632,20,Oaxaca,20481,Santiago NuyoÃ³,5819.14,22.7688568858,CENTRO-SUR,1
5633,20,Oaxaca,20481,Santiago NuyoÃ³,5819.14,33.2238710645,CENTRO-SUR,2
5634,20,Oaxaca,20481,Santiago NuyoÃ³,5819.14,245.142939289,CENTRO-SUR,3A
5635,20,Oaxaca,20481,Santiago NuyoÃ³,5819.14,36.9226385291,CENTRO-SUR,3B
5636,20,Oaxaca,20481,Santiago NuyoÃ³,5819.14,36.4433616096,CENTRO-SUR,6
5637,20,Oaxaca,20482,Santiago Pinotepa Nacional,80836.28,9.07474268223,CENTRO-SUR,4A
5638,20,Oaxaca,20482,Santiago Pinotepa Nacional,80836.28,1195.60410851,CENTRO-SUR,4B
5639,20,Oaxaca,20482,Santiago Pinotepa Nacional,80836.28,413.140921655,CENTRO-SUR,5
5640,20,Oaxaca,20482,Santiago Pinotepa Nacional,80836.28,2819.22098939,CENTRO-SUR,6
5641,20,Oaxaca,20483,Santiago Suchilquitongo,9556.62,1274.53316831,CENTRO-SUR,3A
5642,20,Oaxaca,20483,Santiago Suchilquitongo,9556.62,2506.95269973,CENTRO-SUR,3B
5655,20,Oaxaca,20487,Santiago Tenango,10922.11,5585.91699329,CENTRO-SUR,3A
5656,20,Oaxaca,20487,Santiago Tenango,10922.11,751.320337034,CENTRO-SUR,3B
5657,20,Oaxaca,20487,Santiago Tenango,10922.11,332.536121661,CENTRO-SUR,5
5658,20,Oaxaca,20487,Santiago Tenango,10922.11,534.07024527,CENTRO-SUR,6
5662,20,Oaxaca,20489,Santiago Tetepec,29220.6,24.8331416333,CENTRO-SUR,1
5663,20,Oaxaca,20489,Santiago Tetepec,29220.6,427.074075146,CENTRO-SUR,2
5664,20,Oaxaca,20489,Santiago Tetepec,29220.6,1168.96877873,CENTRO-SUR,3A
5665,20,Oaxaca,20489,Santiago Tetepec,29220.6,1251.89864627,CENTRO-SUR,3B
5666,20,Oaxaca,20489,Santiago Tetepec,29220.6,7.32782132143,CENTRO-SUR,5
5667,20,Oaxaca,20489,Santiago Tetepec,29220.6,117.722610622,CENTRO-SUR,6
5668,20,Oaxaca,20490,Santiago Texcalcingo,1656.18,46.2462537929,CENTRO-SUR,1
5669,20,Oaxaca,20490,Santiago Texcalcingo,1656.18,10.4893632875,CENTRO-SUR,2
5672,20,Oaxaca,20490,Santiago Texcalcingo,1656.18,27.1191423806,CENTRO-SUR,6
5673,20,Oaxaca,20491,Santiago TextitlÃ¡n,25262.55,120.67729405,CENTRO-SUR,3A
5674,20,Oaxaca,20491,Santiago TextitlÃ¡n,25262.55,173.382328049,CENTRO-SUR,3B
5676,20,Oaxaca,20492,Santiago Tilantongo,24801.39,4475.05864094,CENTRO-SUR,3A
5677,20,Oaxaca,20492,Santiago Tilantongo,24801.39,1658.89726669,CENTRO-SUR,3B
5678,20,Oaxaca,20492,Santiago Tilantongo,24801.39,3934.80222761,CENTRO-SUR,6
5680,20,Oaxaca,20494,Santiago Tlazoyaltepec,6320.36,274.948178596,CENTRO-SUR,3A
5681,20,Oaxaca,20494,Santiago Tlazoyaltepec,6320.36,2.02929837125,CENTRO-SUR,3B
5682,20,Oaxaca,20494,Santiago Tlazoyaltepec,6320.36,46.854871857,CENTRO-SUR,6
5683,20,Oaxaca,20495,Santiago Xanica,13798.45,1961.57738937,CENTRO-SUR,1
5684,20,Oaxaca,20495,Santiago Xanica,13798.45,5573.61101354,CENTRO-SUR,2
5685,20,Oaxaca,20495,Santiago Xanica,13798.45,12.5000000006,CENTRO-SUR,3A
5686,20,Oaxaca,20495,Santiago Xanica,13798.45,257.685372126,CENTRO-SUR,3B
5687,20,Oaxaca,20495,Santiago Xanica,13798.45,2546.98488912,CENTRO-SUR,4B
5688,20,Oaxaca,20495,Santiago Xanica,13798.45,625.239332732,CENTRO-SUR,5
5689,20,Oaxaca,20495,Santiago Xanica,13798.45,2820.85065443,CENTRO-SUR,6
5695,20,Oaxaca,20497,Santiago Yaitepec,4116.48,3.28536760444,CENTRO-SUR,1
5696,20,Oaxaca,20497,Santiago Yaitepec,4116.48,1767.13218514,CENTRO-SUR,2
5697,20,Oaxaca,20497,Santiago Yaitepec,4116.48,89.9152319695,CENTRO-SUR,3A
5698,20,Oaxaca,20497,Santiago Yaitepec,4116.48,1811.45252071,CENTRO-SUR,3B
5699,20,Oaxaca,20497,Santiago Yaitepec,4116.48,63.0722888398,CENTRO-SUR,6
5726,20,Oaxaca,20504,Nuevo ZoquiÃ¡pam,10073.95,316.128969754,CENTRO-SUR,3A
5727,20,Oaxaca,20504,Nuevo ZoquiÃ¡pam,10073.95,748.886831039,CENTRO-SUR,3B
5732,20,Oaxaca,20506,Santo Domingo Albarradas,4364.85,1151.13758784,CENTRO-SUR,3A
5733,20,Oaxaca,20506,Santo Domingo Albarradas,4364.85,1.26501312036,CENTRO-SUR,3B
5734,20,Oaxaca,20506,Santo Domingo Albarradas,4364.85,327.95295924,CENTRO-SUR,5
5735,20,Oaxaca,20506,Santo Domingo Albarradas,4364.85,19.0011226744,CENTRO-SUR,6
5742,20,Oaxaca,20509,Santo Domingo de Morelos,10604.18,885.775523255,CENTRO-SUR,3A
5743,20,Oaxaca,20509,Santo Domingo de Morelos,10604.18,73.8831392346,CENTRO-SUR,3B
5744,20,Oaxaca,20509,Santo Domingo de Morelos,10604.18,183.244499817,CENTRO-SUR,4B
5745,20,Oaxaca,20509,Santo Domingo de Morelos,10604.18,876.462957333,CENTRO-SUR,5
5746,20,Oaxaca,20509,Santo Domingo de Morelos,10604.18,1343.5414447,CENTRO-SUR,6
5750,20,Oaxaca,20511,Santo Domingo NuxaÃ¡,14646.82,49.4041876056,CENTRO-SUR,3A
5751,20,Oaxaca,20511,Santo Domingo NuxaÃ¡,14646.82,1400.41133928,CENTRO-SUR,3B
5754,20,Oaxaca,20512,Santo Domingo Ozolotepec,6449.47,1867.6386585,CENTRO-SUR,3A
5755,20,Oaxaca,20512,Santo Domingo Ozolotepec,6449.47,2703.1428384,CENTRO-SUR,3B
5756,20,Oaxaca,20512,Santo Domingo Ozolotepec,6449.47,250.252965747,CENTRO-SUR,6
5778,20,Oaxaca,20516,Santo Domingo Teojomulco,22530.31,2872.77704077,CENTRO-SUR,3A
5779,20,Oaxaca,20516,Santo Domingo Teojomulco,22530.31,1310.61719201,CENTRO-SUR,3B
5780,20,Oaxaca,20516,Santo Domingo Teojomulco,22530.31,3201.80206799,CENTRO-SUR,6
5788,20,Oaxaca,20519,Santo Domingo Tomaltepec,3059.14,1611.1780242,CENTRO-SUR,3A
5789,20,Oaxaca,20519,Santo Domingo Tomaltepec,3059.14,242.524975567,CENTRO-SUR,3B
5790,20,Oaxaca,20519,Santo Domingo Tomaltepec,3059.14,238.967940941,CENTRO-SUR,5
5791,20,Oaxaca,20519,Santo Domingo Tomaltepec,3059.14,45.9038202222,CENTRO-SUR,6
5802,20,Oaxaca,20523,Santo Domingo YanhuitlÃ¡n,6963,128.360754682,CENTRO-SUR,3A
5803,20,Oaxaca,20523,Santo Domingo YanhuitlÃ¡n,6963,101.843536697,CENTRO-SUR,3B
5804,20,Oaxaca,20523,Santo Domingo YanhuitlÃ¡n,6963,0.57262371865,CENTRO-SUR,6
5815,20,Oaxaca,20526,Santos Reyes Nopala,22740.12,1079.58243883,CENTRO-SUR,1
5816,20,Oaxaca,20526,Santos Reyes Nopala,22740.12,730.037958808,CENTRO-SUR,2
5817,20,Oaxaca,20526,Santos Reyes Nopala,22740.12,195.91404619,CENTRO-SUR,3A
5818,20,Oaxaca,20526,Santos Reyes Nopala,22740.12,8.12636959318,CENTRO-SUR,3B
5819,20,Oaxaca,20526,Santos Reyes Nopala,22740.12,299.630655184,CENTRO-SUR,4B
5820,20,Oaxaca,20526,Santos Reyes Nopala,22740.12,37.6254323742,CENTRO-SUR,5
5821,20,Oaxaca,20526,Santos Reyes Nopala,22740.12,1004.62459131,CENTRO-SUR,6
5835,20,Oaxaca,20530,Santo TomÃ¡s Jalieza,7027.07,1382.72576854,CENTRO-SUR,3A
5836,20,Oaxaca,20530,Santo TomÃ¡s Jalieza,7027.07,323.216276812,CENTRO-SUR,3B
5837,20,Oaxaca,20530,Santo TomÃ¡s Jalieza,7027.07,89.8328739614,CENTRO-SUR,6
5838,20,Oaxaca,20531,Santo TomÃ¡s Mazaltepec,4406.07,1751.15219259,CENTRO-SUR,3A
5839,20,Oaxaca,20531,Santo TomÃ¡s Mazaltepec,4406.07,84.3196616388,CENTRO-SUR,3B
5840,20,Oaxaca,20531,Santo TomÃ¡s Mazaltepec,4406.07,14.3064166057,CENTRO-SUR,6
5841,20,Oaxaca,20532,Santo TomÃ¡s Ocotepec,8016.4,403.230971272,CENTRO-SUR,1
5842,20,Oaxaca,20532,Santo TomÃ¡s Ocotepec,8016.4,36.4189292219,CENTRO-SUR,2
5843,20,Oaxaca,20532,Santo TomÃ¡s Ocotepec,8016.4,1178.88582912,CENTRO-SUR,3A
5844,20,Oaxaca,20532,Santo TomÃ¡s Ocotepec,8016.4,450.06223347,CENTRO-SUR,3B
5845,20,Oaxaca,20532,Santo TomÃ¡s Ocotepec,8016.4,3040.75387086,CENTRO-SUR,6
5846,20,Oaxaca,20533,Santo TomÃ¡s Tamazulapan,6691.16,1517.47011384,CENTRO-SUR,3A
5847,20,Oaxaca,20533,Santo TomÃ¡s Tamazulapan,6691.16,582.686534058,CENTRO-SUR,3B
5848,20,Oaxaca,20533,Santo TomÃ¡s Tamazulapan,6691.16,418.632628196,CENTRO-SUR,6
5852,20,Oaxaca,20535,San Vicente LachixÃ­o,13689.7,330.353136564,CENTRO-SUR,3A
5853,20,Oaxaca,20535,San Vicente LachixÃ­o,13689.7,1693.62560739,CENTRO-SUR,3B
5855,20,Oaxaca,20536,San Vicente NuÃ±Ãº,7140.18,2507.12873303,CENTRO-SUR,3A
5856,20,Oaxaca,20536,San Vicente NuÃ±Ãº,7140.18,1992.51078688,CENTRO-SUR,3B
5857,20,Oaxaca,20536,San Vicente NuÃ±Ãº,7140.18,246.71869988,CENTRO-SUR,6
5881,20,Oaxaca,20544,Teococuilco de Marcos PÃ©rez,13317.75,1076.17118491,CENTRO-SUR,3A
5882,20,Oaxaca,20544,Teococuilco de Marcos PÃ©rez,13317.75,1241.10101984,CENTRO-SUR,3B
5885,20,Oaxaca,20545,TeotitlÃ¡n de Flores MagÃ³n,14365.19,349.534428059,CENTRO-SUR,1
5886,20,Oaxaca,20545,TeotitlÃ¡n de Flores MagÃ³n,14365.19,2.61325617304,CENTRO-SUR,2
5887,20,Oaxaca,20545,TeotitlÃ¡n de Flores MagÃ³n,14365.19,862.381062171,CENTRO-SUR,3A
5888,20,Oaxaca,20545,TeotitlÃ¡n de Flores MagÃ³n,14365.19,58.7151877941,CENTRO-SUR,3B
5889,20,Oaxaca,20545,TeotitlÃ¡n de Flores MagÃ³n,14365.19,1124.52280059,CENTRO-SUR,5
5890,20,Oaxaca,20545,TeotitlÃ¡n de Flores MagÃ³n,14365.19,1433.87726841,CENTRO-SUR,6
5891,20,Oaxaca,20546,TeotitlÃ¡n del Valle,10804.62,6579.58077711,CENTRO-SUR,3A
5892,20,Oaxaca,20546,TeotitlÃ¡n del Valle,10804.62,673.477872746,CENTRO-SUR,3B
5893,20,Oaxaca,20546,TeotitlÃ¡n del Valle,10804.62,706.970677064,CENTRO-SUR,6
5905,20,Oaxaca,20550,San JerÃ³nimo Tlacochahuaya,3672.9,1.47551459674,CENTRO-SUR,3A
5908,20,Oaxaca,20550,San JerÃ³nimo Tlacochahuaya,3672.9,0.36229378121,CENTRO-SUR,6
5909,20,Oaxaca,20551,Tlacolula de Matamoros,13602.85,0.30828321026,CENTRO-SUR,3A
5910,20,Oaxaca,20551,Tlacolula de Matamoros,13602.85,1.34677688294,CENTRO-SUR,3B
5916,20,Oaxaca,20553,Tlalixtac de Cabrera,8164.8,945.023135582,CENTRO-SUR,3A
5917,20,Oaxaca,20553,Tlalixtac de Cabrera,8164.8,1354.46411793,CENTRO-SUR,3B
5918,20,Oaxaca,20553,Tlalixtac de Cabrera,8164.8,2236.07878777,CENTRO-SUR,5
5919,20,Oaxaca,20553,Tlalixtac de Cabrera,8164.8,785.639757094,CENTRO-SUR,6
5939,20,Oaxaca,20560,Villa DÃ­az Ordaz,28378.38,4.54159769354,CENTRO-SUR,3A
5940,20,Oaxaca,20560,Villa DÃ­az Ordaz,28378.38,0.17105930195,CENTRO-SUR,3B
5942,20,Oaxaca,20560,Villa DÃ­az Ordaz,28378.38,12.0134789584,CENTRO-SUR,6
5946,20,Oaxaca,20562,Magdalena Yodocono de Porfirio DÃ­az,3905.11,10.1860418959,CENTRO-SUR,3A
5947,20,Oaxaca,20562,Magdalena Yodocono de Porfirio DÃ­az,3905.11,633.44103561,CENTRO-SUR,3B
5975,20,Oaxaca,20570,ZimatlÃ¡n de Ãlvarez,35470.41,1256.07491632,CENTRO-SUR,3A
5976,20,Oaxaca,20570,ZimatlÃ¡n de Ãlvarez,35470.41,4293.4444906,CENTRO-SUR,3B
5977,20,Oaxaca,20570,ZimatlÃ¡n de Ãlvarez,35470.41,360.936141032,CENTRO-SUR,6
3796,20,Oaxaca,20001,Abejones,12636.59,2.79897955124,CENTRO-SUR,1
3797,20,Oaxaca,20001,Abejones,12636.59,43.760096854,CENTRO-SUR,2
3798,20,Oaxaca,20001,Abejones,12636.59,919.626092439,CENTRO-SUR,3A
3799,20,Oaxaca,20001,Abejones,12636.59,5004.79777801,CENTRO-SUR,3B
3800,20,Oaxaca,20001,Abejones,12636.59,235.79369768,CENTRO-SUR,5
3801,20,Oaxaca,20001,Abejones,12636.59,1514.78023148,CENTRO-SUR,6
3802,20,Oaxaca,20002,AcatlÃ¡n de PÃ©rez Figueroa,75218.99,11884.0981294,CENTRO-SUR,4A
3803,20,Oaxaca,20002,AcatlÃ¡n de PÃ©rez Figueroa,75218.99,380.23349864,CENTRO-SUR,4B
3804,20,Oaxaca,20002,AcatlÃ¡n de PÃ©rez Figueroa,75218.99,10263.2866461,CENTRO-SUR,6
3805,20,Oaxaca,20003,AsunciÃ³n Cacalotepec,7644.42,5678.36437965,CENTRO-SUR,1
3806,20,Oaxaca,20003,AsunciÃ³n Cacalotepec,7644.42,259.937359299,CENTRO-SUR,2
3807,20,Oaxaca,20003,AsunciÃ³n Cacalotepec,7644.42,42.2497414153,CENTRO-SUR,3A
3808,20,Oaxaca,20003,AsunciÃ³n Cacalotepec,7644.42,28.9273566403,CENTRO-SUR,3B
3809,20,Oaxaca,20003,AsunciÃ³n Cacalotepec,7644.42,1603.23826133,CENTRO-SUR,6
3828,20,Oaxaca,20009,Ayotzintepec,15740.89,11327.6844822,CENTRO-SUR,4A
3829,20,Oaxaca,20009,Ayotzintepec,15740.89,115.991529681,CENTRO-SUR,4B
3830,20,Oaxaca,20009,Ayotzintepec,15740.89,1160.29769128,CENTRO-SUR,6
3868,20,Oaxaca,20019,ConcepciÃ³n PÃ¡palo,17340.25,1589.84809634,CENTRO-SUR,1
3869,20,Oaxaca,20019,ConcepciÃ³n PÃ¡palo,17340.25,848.081149499,CENTRO-SUR,2
3870,20,Oaxaca,20019,ConcepciÃ³n PÃ¡palo,17340.25,4171.53488712,CENTRO-SUR,3A
3871,20,Oaxaca,20019,ConcepciÃ³n PÃ¡palo,17340.25,1873.16042258,CENTRO-SUR,3B
3872,20,Oaxaca,20019,ConcepciÃ³n PÃ¡palo,17340.25,142.613779859,CENTRO-SUR,4A
3873,20,Oaxaca,20019,ConcepciÃ³n PÃ¡palo,17340.25,0.62076968659,CENTRO-SUR,4B
3874,20,Oaxaca,20019,ConcepciÃ³n PÃ¡palo,17340.25,1086.76339288,CENTRO-SUR,5
3875,20,Oaxaca,20019,ConcepciÃ³n PÃ¡palo,17340.25,7615.42689452,CENTRO-SUR,6
3887,20,Oaxaca,20024,Cuyamecalco Villa de Zaragoza,7898.96,0.94764139989,CENTRO-SUR,1
3888,20,Oaxaca,20024,Cuyamecalco Villa de Zaragoza,7898.96,0.45319646525,CENTRO-SUR,2
3889,20,Oaxaca,20024,Cuyamecalco Villa de Zaragoza,7898.96,726.199078285,CENTRO-SUR,3A
3890,20,Oaxaca,20024,Cuyamecalco Villa de Zaragoza,7898.96,77.0924144448,CENTRO-SUR,3B
3892,20,Oaxaca,20024,Cuyamecalco Villa de Zaragoza,7898.96,187.212345684,CENTRO-SUR,6
3897,20,Oaxaca,20027,ChiquihuitlÃ¡n de Benito JuÃ¡rez,3592.44,1395.34018346,CENTRO-SUR,1
3898,20,Oaxaca,20027,ChiquihuitlÃ¡n de Benito JuÃ¡rez,3592.44,511.074778232,CENTRO-SUR,2
3899,20,Oaxaca,20027,ChiquihuitlÃ¡n de Benito JuÃ¡rez,3592.44,842.313011032,CENTRO-SUR,3A
3900,20,Oaxaca,20027,ChiquihuitlÃ¡n de Benito JuÃ¡rez,3592.44,21.8958911822,CENTRO-SUR,3B
3901,20,Oaxaca,20027,ChiquihuitlÃ¡n de Benito JuÃ¡rez,3592.44,803.948326504,CENTRO-SUR,4A
3902,20,Oaxaca,20027,ChiquihuitlÃ¡n de Benito JuÃ¡rez,3592.44,17.870650241,CENTRO-SUR,4B
3910,20,Oaxaca,20031,TamazulÃ¡pam del EspÃ­ritu Santo,11216.77,3275.77925718,CENTRO-SUR,1
3911,20,Oaxaca,20031,TamazulÃ¡pam del EspÃ­ritu Santo,11216.77,917.534727621,CENTRO-SUR,2
3912,20,Oaxaca,20031,TamazulÃ¡pam del EspÃ­ritu Santo,11216.77,3153.18299605,CENTRO-SUR,3A
3913,20,Oaxaca,20031,TamazulÃ¡pam del EspÃ­ritu Santo,11216.77,581.578772322,CENTRO-SUR,3B
3914,20,Oaxaca,20031,TamazulÃ¡pam del EspÃ­ritu Santo,11216.77,1969.49562756,CENTRO-SUR,6
3924,20,Oaxaca,20036,Guevea de Humboldt,28160.4,5048.37469013,CENTRO-SUR,1
3925,20,Oaxaca,20036,Guevea de Humboldt,28160.4,12259.9910393,CENTRO-SUR,2
3926,20,Oaxaca,20036,Guevea de Humboldt,28160.4,3529.45813099,CENTRO-SUR,3A
3927,20,Oaxaca,20036,Guevea de Humboldt,28160.4,2327.14684738,CENTRO-SUR,3B
3928,20,Oaxaca,20036,Guevea de Humboldt,28160.4,1.299693836,CENTRO-SUR,5
3929,20,Oaxaca,20036,Guevea de Humboldt,28160.4,322.645997277,CENTRO-SUR,6
3934,20,Oaxaca,20038,Villa Hidalgo,5905.14,11.2863372119,CENTRO-SUR,1
3935,20,Oaxaca,20038,Villa Hidalgo,5905.14,0.09790790359,CENTRO-SUR,2
3936,20,Oaxaca,20038,Villa Hidalgo,5905.14,2374.75001782,CENTRO-SUR,3A
3937,20,Oaxaca,20038,Villa Hidalgo,5905.14,75.6452891712,CENTRO-SUR,3B
3938,20,Oaxaca,20038,Villa Hidalgo,5905.14,982.265641751,CENTRO-SUR,5
3939,20,Oaxaca,20038,Villa Hidalgo,5905.14,986.305353863,CENTRO-SUR,6
3944,20,Oaxaca,20040,Huautepec,4692.16,24.8519855294,CENTRO-SUR,1
3945,20,Oaxaca,20040,Huautepec,4692.16,23.0837415647,CENTRO-SUR,2
3947,20,Oaxaca,20040,Huautepec,4692.16,113.303427774,CENTRO-SUR,4A
3948,20,Oaxaca,20040,Huautepec,4692.16,24.2188792275,CENTRO-SUR,4B
3950,20,Oaxaca,20041,Huautla de JimÃ©nez,14764.14,78.7404316859,CENTRO-SUR,1
3951,20,Oaxaca,20041,Huautla de JimÃ©nez,14764.14,124.914037626,CENTRO-SUR,2
3956,20,Oaxaca,20042,IxtlÃ¡n de JuÃ¡rez,56228.73,5792.61860694,CENTRO-SUR,1
3957,20,Oaxaca,20042,IxtlÃ¡n de JuÃ¡rez,56228.73,13966.9595109,CENTRO-SUR,2
3958,20,Oaxaca,20042,IxtlÃ¡n de JuÃ¡rez,56228.73,6095.39446863,CENTRO-SUR,3A
3959,20,Oaxaca,20042,IxtlÃ¡n de JuÃ¡rez,56228.73,4152.71300963,CENTRO-SUR,3B
3960,20,Oaxaca,20042,IxtlÃ¡n de JuÃ¡rez,56228.73,14867.4455277,CENTRO-SUR,4A
3961,20,Oaxaca,20042,IxtlÃ¡n de JuÃ¡rez,56228.73,1348.02111856,CENTRO-SUR,4B
3963,20,Oaxaca,20042,IxtlÃ¡n de JuÃ¡rez,56228.73,2488.84744528,CENTRO-SUR,6
4012,20,Oaxaca,20058,MazatlÃ¡n Villa de Flores,18186.08,0.49101821774,CENTRO-SUR,2
4021,20,Oaxaca,20060,MixistlÃ¡n de la Reforma,6779.06,876.491898946,CENTRO-SUR,1
4022,20,Oaxaca,20060,MixistlÃ¡n de la Reforma,6779.06,1185.79222545,CENTRO-SUR,2
4023,20,Oaxaca,20060,MixistlÃ¡n de la Reforma,6779.06,784.632423268,CENTRO-SUR,3A
4024,20,Oaxaca,20060,MixistlÃ¡n de la Reforma,6779.06,52.712587959,CENTRO-SUR,3B
4025,20,Oaxaca,20060,MixistlÃ¡n de la Reforma,6779.06,0.02426247716,CENTRO-SUR,5
4026,20,Oaxaca,20060,MixistlÃ¡n de la Reforma,6779.06,70.1048461244,CENTRO-SUR,6
4028,20,Oaxaca,20062,Natividad,221.41,14.2674143226,CENTRO-SUR,3A
4029,20,Oaxaca,20062,Natividad,221.41,39.8367819936,CENTRO-SUR,3B
4030,20,Oaxaca,20062,Natividad,221.41,4.13947813964,CENTRO-SUR,6
4032,20,Oaxaca,20064,Nejapa de Madero,50605.73,0.25367424034,CENTRO-SUR,1
4033,20,Oaxaca,20064,Nejapa de Madero,50605.73,1.7490211964,CENTRO-SUR,2
4034,20,Oaxaca,20064,Nejapa de Madero,50605.73,250.458523349,CENTRO-SUR,3A
4035,20,Oaxaca,20064,Nejapa de Madero,50605.73,2657.02715439,CENTRO-SUR,3B
4145,20,Oaxaca,20097,San AndrÃ©s Solaga,4867.21,419.593142346,CENTRO-SUR,1
4146,20,Oaxaca,20097,San AndrÃ©s Solaga,4867.21,12.41947545,CENTRO-SUR,2
4147,20,Oaxaca,20097,San AndrÃ©s Solaga,4867.21,1986.423614,CENTRO-SUR,3A
4148,20,Oaxaca,20097,San AndrÃ©s Solaga,4867.21,102.176524384,CENTRO-SUR,3B
4149,20,Oaxaca,20097,San AndrÃ©s Solaga,4867.21,474.05256488,CENTRO-SUR,5
4150,20,Oaxaca,20097,San AndrÃ©s Solaga,4867.21,1872.54647449,CENTRO-SUR,6
4151,20,Oaxaca,20098,San AndrÃ©s TeotilÃ¡lpam,14528.68,1081.22604692,CENTRO-SUR,1
4152,20,Oaxaca,20098,San AndrÃ©s TeotilÃ¡lpam,14528.68,2296.20974553,CENTRO-SUR,2
4153,20,Oaxaca,20098,San AndrÃ©s TeotilÃ¡lpam,14528.68,60.1602428051,CENTRO-SUR,3A
4154,20,Oaxaca,20098,San AndrÃ©s TeotilÃ¡lpam,14528.68,15.9631236654,CENTRO-SUR,3B
4155,20,Oaxaca,20098,San AndrÃ©s TeotilÃ¡lpam,14528.68,6051.89843695,CENTRO-SUR,4A
4156,20,Oaxaca,20098,San AndrÃ©s TeotilÃ¡lpam,14528.68,827.998638257,CENTRO-SUR,4B
4157,20,Oaxaca,20098,San AndrÃ©s TeotilÃ¡lpam,14528.68,3335.35842663,CENTRO-SUR,6
4160,20,Oaxaca,20100,San AndrÃ©s YaÃ¡,4097.46,1283.97226654,CENTRO-SUR,1
4161,20,Oaxaca,20100,San AndrÃ©s YaÃ¡,4097.46,33.8197869325,CENTRO-SUR,2
4162,20,Oaxaca,20100,San AndrÃ©s YaÃ¡,4097.46,1521.97338488,CENTRO-SUR,3A
4163,20,Oaxaca,20100,San AndrÃ©s YaÃ¡,4097.46,811.183515995,CENTRO-SUR,3B
4164,20,Oaxaca,20100,San AndrÃ©s YaÃ¡,4097.46,0.9443052731,CENTRO-SUR,5
4165,20,Oaxaca,20100,San AndrÃ©s YaÃ¡,4097.46,445.567045595,CENTRO-SUR,6
4207,20,Oaxaca,20114,San Baltazar Yatzachi el Bajo,3035.74,1641.4085042,CENTRO-SUR,3A
4208,20,Oaxaca,20114,San Baltazar Yatzachi el Bajo,3035.74,29.0773063809,CENTRO-SUR,3B
4209,20,Oaxaca,20114,San Baltazar Yatzachi el Bajo,3035.74,916.582305206,CENTRO-SUR,5
4210,20,Oaxaca,20114,San Baltazar Yatzachi el Bajo,3035.74,448.675622484,CENTRO-SUR,6
4214,20,Oaxaca,20116,San BartolomÃ© Ayautla,5729.68,804.241093639,CENTRO-SUR,1
4215,20,Oaxaca,20116,San BartolomÃ© Ayautla,5729.68,1630.20525929,CENTRO-SUR,2
4216,20,Oaxaca,20116,San BartolomÃ© Ayautla,5729.68,2349.14944919,CENTRO-SUR,4A
4217,20,Oaxaca,20116,San BartolomÃ© Ayautla,5729.68,122.807986864,CENTRO-SUR,4B
4218,20,Oaxaca,20116,San BartolomÃ© Ayautla,5729.68,823.275456408,CENTRO-SUR,6
4232,20,Oaxaca,20120,San BartolomÃ© Zoogocho,874.94,442.633132714,CENTRO-SUR,3A
4233,20,Oaxaca,20120,San BartolomÃ© Zoogocho,874.94,24.0510970454,CENTRO-SUR,3B
4234,20,Oaxaca,20120,San BartolomÃ© Zoogocho,874.94,18.4371530437,CENTRO-SUR,5
4235,20,Oaxaca,20120,San BartolomÃ© Zoogocho,874.94,389.817742688,CENTRO-SUR,6
4248,20,Oaxaca,20125,San Carlos Yautepec,231440.88,1828.55118254,CENTRO-SUR,1
4249,20,Oaxaca,20125,San Carlos Yautepec,231440.88,2414.41446941,CENTRO-SUR,2
4250,20,Oaxaca,20125,San Carlos Yautepec,231440.88,1853.75266162,CENTRO-SUR,3A
4251,20,Oaxaca,20125,San Carlos Yautepec,231440.88,2359.84328177,CENTRO-SUR,3B
4252,20,Oaxaca,20125,San Carlos Yautepec,231440.88,143.011071907,CENTRO-SUR,5
4253,20,Oaxaca,20125,San Carlos Yautepec,231440.88,3.35976638021,CENTRO-SUR,6
4261,20,Oaxaca,20128,San CristÃ³bal Lachirioag,1685.54,0.48990636039,CENTRO-SUR,1
4262,20,Oaxaca,20128,San CristÃ³bal Lachirioag,1685.54,260.95360901,CENTRO-SUR,2
4263,20,Oaxaca,20128,San CristÃ³bal Lachirioag,1685.54,26.3717149463,CENTRO-SUR,3A
4264,20,Oaxaca,20128,San CristÃ³bal Lachirioag,1685.54,1119.40815885,CENTRO-SUR,3B
4265,20,Oaxaca,20128,San CristÃ³bal Lachirioag,1685.54,278.315630172,CENTRO-SUR,6
4282,20,Oaxaca,20134,San Felipe Jalapa de DÃ­az,13419.34,44.5986452648,CENTRO-SUR,1
4283,20,Oaxaca,20134,San Felipe Jalapa de DÃ­az,13419.34,443.37269663,CENTRO-SUR,2
4284,20,Oaxaca,20134,San Felipe Jalapa de DÃ­az,13419.34,1816.8685728,CENTRO-SUR,4A
4285,20,Oaxaca,20134,San Felipe Jalapa de DÃ­az,13419.34,227.913950683,CENTRO-SUR,4B
4286,20,Oaxaca,20134,San Felipe Jalapa de DÃ­az,13419.34,645.287925061,CENTRO-SUR,6
4290,20,Oaxaca,20136,San Felipe Usila,44699.41,780.770566551,CENTRO-SUR,1
4291,20,Oaxaca,20136,San Felipe Usila,44699.41,13857.173484,CENTRO-SUR,2
4292,20,Oaxaca,20136,San Felipe Usila,44699.41,25439.4042117,CENTRO-SUR,4A
4293,20,Oaxaca,20136,San Felipe Usila,44699.41,795.694864822,CENTRO-SUR,4B
4294,20,Oaxaca,20136,San Felipe Usila,44699.41,3630.5016203,CENTRO-SUR,6
4299,20,Oaxaca,20138,San Francisco Cajonos,4471.61,70.3480323636,CENTRO-SUR,1
4300,20,Oaxaca,20138,San Francisco Cajonos,4471.61,3008.37439302,CENTRO-SUR,3A
4301,20,Oaxaca,20138,San Francisco Cajonos,4471.61,191.533208167,CENTRO-SUR,3B
4302,20,Oaxaca,20138,San Francisco Cajonos,4471.61,152.124918721,CENTRO-SUR,5
4303,20,Oaxaca,20138,San Francisco Cajonos,4471.61,98.4336816293,CENTRO-SUR,6
4304,20,Oaxaca,20139,San Francisco Chapulapa,6236.49,2515.02135705,CENTRO-SUR,1
4305,20,Oaxaca,20139,San Francisco Chapulapa,6236.49,1678.99372885,CENTRO-SUR,2
4306,20,Oaxaca,20139,San Francisco Chapulapa,6236.49,946.316764505,CENTRO-SUR,3A
4307,20,Oaxaca,20139,San Francisco Chapulapa,6236.49,739.180978939,CENTRO-SUR,3B
4308,20,Oaxaca,20139,San Francisco Chapulapa,6236.49,125.076700636,CENTRO-SUR,4A
4309,20,Oaxaca,20139,San Francisco Chapulapa,6236.49,231.900594362,CENTRO-SUR,6
4366,20,Oaxaca,20156,San Ildefonso Villa Alta,9398.04,4070.81505195,CENTRO-SUR,1
4367,20,Oaxaca,20156,San Ildefonso Villa Alta,9398.04,1731.67675216,CENTRO-SUR,2
4368,20,Oaxaca,20156,San Ildefonso Villa Alta,9398.04,2211.09150912,CENTRO-SUR,3A
4369,20,Oaxaca,20156,San Ildefonso Villa Alta,9398.04,809.092601123,CENTRO-SUR,3B
4370,20,Oaxaca,20156,San Ildefonso Villa Alta,9398.04,435.274227696,CENTRO-SUR,6
4406,20,Oaxaca,20166,San JosÃ© Chiltepec,19287,8554.68795847,CENTRO-SUR,4A
4407,20,Oaxaca,20166,San JosÃ© Chiltepec,19287,385.324134492,CENTRO-SUR,4B
4408,20,Oaxaca,20166,San JosÃ© Chiltepec,19287,1061.97437723,CENTRO-SUR,6
4421,20,Oaxaca,20171,San JosÃ© Tenango,25729.54,1296.52941169,CENTRO-SUR,1
4422,20,Oaxaca,20171,San JosÃ© Tenango,25729.54,1762.59590323,CENTRO-SUR,2
4423,20,Oaxaca,20171,San JosÃ© Tenango,25729.54,9080.8642036,CENTRO-SUR,4A
4424,20,Oaxaca,20171,San JosÃ© Tenango,25729.54,230.075412866,CENTRO-SUR,4B
4425,20,Oaxaca,20171,San JosÃ© Tenango,25729.54,2053.20195909,CENTRO-SUR,6
4429,20,Oaxaca,20173,San Juan Atepec,13422.22,512.681312819,CENTRO-SUR,1
4430,20,Oaxaca,20173,San Juan Atepec,13422.22,936.223063815,CENTRO-SUR,2
4431,20,Oaxaca,20173,San Juan Atepec,13422.22,1720.19554306,CENTRO-SUR,3A
4432,20,Oaxaca,20173,San Juan Atepec,13422.22,6609.15294748,CENTRO-SUR,3B
4433,20,Oaxaca,20173,San Juan Atepec,13422.22,194.169771373,CENTRO-SUR,5
4434,20,Oaxaca,20173,San Juan Atepec,13422.22,1561.51375071,CENTRO-SUR,6
4436,20,Oaxaca,20175,San Juan Bautista Atatlahuca,42143.22,1359.67548048,CENTRO-SUR,2
4437,20,Oaxaca,20175,San Juan Bautista Atatlahuca,42143.22,213.119876412,CENTRO-SUR,3A
4438,20,Oaxaca,20175,San Juan Bautista Atatlahuca,42143.22,23686.2688808,CENTRO-SUR,3B
4439,20,Oaxaca,20175,San Juan Bautista Atatlahuca,42143.22,1071.8390602,CENTRO-SUR,5
4440,20,Oaxaca,20175,San Juan Bautista Atatlahuca,42143.22,12860.2366201,CENTRO-SUR,6
4444,20,Oaxaca,20177,San Juan Bautista CuicatlÃ¡n,49598.07,836.720908096,CENTRO-SUR,3A
4445,20,Oaxaca,20177,San Juan Bautista CuicatlÃ¡n,49598.07,1366.6275153,CENTRO-SUR,3B
4446,20,Oaxaca,20177,San Juan Bautista CuicatlÃ¡n,49598.07,10081.6077565,CENTRO-SUR,5
4447,20,Oaxaca,20177,San Juan Bautista CuicatlÃ¡n,49598.07,25629.0848758,CENTRO-SUR,6
4460,20,Oaxaca,20182,San Juan Bautista Tlacoatzintepec,5006.72,7.73392600682,CENTRO-SUR,1
4461,20,Oaxaca,20182,San Juan Bautista Tlacoatzintepec,5006.72,48.8593892843,CENTRO-SUR,2
4462,20,Oaxaca,20182,San Juan Bautista Tlacoatzintepec,5006.72,4721.51048011,CENTRO-SUR,4A
4463,20,Oaxaca,20182,San Juan Bautista Tlacoatzintepec,5006.72,49.3841503484,CENTRO-SUR,4B
4464,20,Oaxaca,20182,San Juan Bautista Tlacoatzintepec,5006.72,179.233701115,CENTRO-SUR,6
4469,20,Oaxaca,20184,San Juan Bautista Tuxtepec,87542.09,1982.13994791,CENTRO-SUR,4A
4470,20,Oaxaca,20184,San Juan Bautista Tuxtepec,87542.09,97.9295686265,CENTRO-SUR,4B
4471,20,Oaxaca,20184,San Juan Bautista Tuxtepec,87542.09,317.761077059,CENTRO-SUR,6
4478,20,Oaxaca,20187,San Juan CoatzÃ³spam,6598.82,1064.22801167,CENTRO-SUR,1
4479,20,Oaxaca,20187,San Juan CoatzÃ³spam,6598.82,2706.87906686,CENTRO-SUR,2
4480,20,Oaxaca,20187,San Juan CoatzÃ³spam,6598.82,1403.99521642,CENTRO-SUR,4A
4481,20,Oaxaca,20187,San Juan CoatzÃ³spam,6598.82,33.7130617737,CENTRO-SUR,4B
4482,20,Oaxaca,20187,San Juan CoatzÃ³spam,6598.82,347.94053474,CENTRO-SUR,6
4488,20,Oaxaca,20189,San Juan Comaltepec,9866.35,3659.16077582,CENTRO-SUR,1
4489,20,Oaxaca,20189,San Juan Comaltepec,9866.35,1347.94539188,CENTRO-SUR,2
4490,20,Oaxaca,20189,San Juan Comaltepec,9866.35,2379.02096586,CENTRO-SUR,3A
4491,20,Oaxaca,20189,San Juan Comaltepec,9866.35,1191.92477698,CENTRO-SUR,3B
4492,20,Oaxaca,20189,San Juan Comaltepec,9866.35,47.3745604056,CENTRO-SUR,4A
4493,20,Oaxaca,20189,San Juan Comaltepec,9866.35,5.6839664889,CENTRO-SUR,4B
4494,20,Oaxaca,20189,San Juan Comaltepec,9866.35,1235.24392741,CENTRO-SUR,6
4495,20,Oaxaca,20190,San Juan CotzocÃ³n,138341.3,144.446280463,CENTRO-SUR,1
4496,20,Oaxaca,20190,San Juan CotzocÃ³n,138341.3,2618.0752102,CENTRO-SUR,2
4497,20,Oaxaca,20190,San Juan CotzocÃ³n,138341.3,6987.40893117,CENTRO-SUR,3A
4498,20,Oaxaca,20190,San Juan CotzocÃ³n,138341.3,3597.88761581,CENTRO-SUR,3B
4499,20,Oaxaca,20190,San Juan CotzocÃ³n,138341.3,11042.3736896,CENTRO-SUR,4A
4500,20,Oaxaca,20190,San Juan CotzocÃ³n,138341.3,322.830551973,CENTRO-SUR,4B
4501,20,Oaxaca,20190,San Juan CotzocÃ³n,138341.3,10424.0998086,CENTRO-SUR,6
4510,20,Oaxaca,20194,San Juan del RÃ­o,7150.84,1220.3913281,CENTRO-SUR,3A
4511,20,Oaxaca,20194,San Juan del RÃ­o,7150.84,519.339243961,CENTRO-SUR,3B
4517,20,Oaxaca,20196,San Juan Evangelista Analco,1659.81,431.734975551,CENTRO-SUR,3A
4518,20,Oaxaca,20196,San Juan Evangelista Analco,1659.81,187.827408447,CENTRO-SUR,3B
4519,20,Oaxaca,20196,San Juan Evangelista Analco,1659.81,247.718064871,CENTRO-SUR,5
4520,20,Oaxaca,20196,San Juan Evangelista Analco,1659.81,581.626701925,CENTRO-SUR,6
4532,20,Oaxaca,20200,San Juan Juquila Mixes,31675.07,46.3150556601,CENTRO-SUR,1
4533,20,Oaxaca,20200,San Juan Juquila Mixes,31675.07,33.1150033581,CENTRO-SUR,2
4534,20,Oaxaca,20200,San Juan Juquila Mixes,31675.07,333.682471547,CENTRO-SUR,3A
4535,20,Oaxaca,20200,San Juan Juquila Mixes,31675.07,225.076297939,CENTRO-SUR,3B
4538,20,Oaxaca,20201,San Juan Juquila Vijanos,5658.32,2390.6035564,CENTRO-SUR,1
4539,20,Oaxaca,20201,San Juan Juquila Vijanos,5658.32,1622.99238902,CENTRO-SUR,2
4540,20,Oaxaca,20201,San Juan Juquila Vijanos,5658.32,176.943196744,CENTRO-SUR,3A
4541,20,Oaxaca,20201,San Juan Juquila Vijanos,5658.32,173.975082212,CENTRO-SUR,3B
4542,20,Oaxaca,20201,San Juan Juquila Vijanos,5658.32,1293.80555547,CENTRO-SUR,6
4556,20,Oaxaca,20205,San Juan Lalana,69409.32,2019.11519151,CENTRO-SUR,1
4557,20,Oaxaca,20205,San Juan Lalana,69409.32,2474.12911595,CENTRO-SUR,2
4558,20,Oaxaca,20205,San Juan Lalana,69409.32,78.0044313351,CENTRO-SUR,3A
4559,20,Oaxaca,20205,San Juan Lalana,69409.32,69.682260447,CENTRO-SUR,3B
4560,20,Oaxaca,20205,San Juan Lalana,69409.32,123.256290106,CENTRO-SUR,4A
4561,20,Oaxaca,20205,San Juan Lalana,69409.32,8.01772273257,CENTRO-SUR,4B
4562,20,Oaxaca,20205,San Juan Lalana,69409.32,511.401979623,CENTRO-SUR,6
4569,20,Oaxaca,20207,San Juan MazatlÃ¡n,162973.19,2658.25333471,CENTRO-SUR,1
4570,20,Oaxaca,20207,San Juan MazatlÃ¡n,162973.19,12958.7189511,CENTRO-SUR,2
4571,20,Oaxaca,20207,San Juan MazatlÃ¡n,162973.19,7188.99249491,CENTRO-SUR,3A
4572,20,Oaxaca,20207,San Juan MazatlÃ¡n,162973.19,10058.8049737,CENTRO-SUR,3B
4573,20,Oaxaca,20207,San Juan MazatlÃ¡n,162973.19,16179.9899824,CENTRO-SUR,4A
4574,20,Oaxaca,20207,San Juan MazatlÃ¡n,162973.19,384.36050243,CENTRO-SUR,4B
4575,20,Oaxaca,20207,San Juan MazatlÃ¡n,162973.19,944.781402254,CENTRO-SUR,6
4590,20,Oaxaca,20212,San Juan Petlapa,18830.4,4033.95788063,CENTRO-SUR,1
4591,20,Oaxaca,20212,San Juan Petlapa,18830.4,2534.54970551,CENTRO-SUR,2
4592,20,Oaxaca,20212,San Juan Petlapa,18830.4,11046.1705553,CENTRO-SUR,4A
4593,20,Oaxaca,20212,San Juan Petlapa,18830.4,94.4482813178,CENTRO-SUR,4B
4594,20,Oaxaca,20212,San Juan Petlapa,18830.4,251.683162783,CENTRO-SUR,6
4598,20,Oaxaca,20214,San Juan Quiotepec,20275.06,112.750244944,CENTRO-SUR,1
4599,20,Oaxaca,20214,San Juan Quiotepec,20275.06,7264.87051071,CENTRO-SUR,2
4600,20,Oaxaca,20214,San Juan Quiotepec,20275.06,2200.96005902,CENTRO-SUR,3A
4601,20,Oaxaca,20214,San Juan Quiotepec,20275.06,6125.35330752,CENTRO-SUR,3B
4602,20,Oaxaca,20214,San Juan Quiotepec,20275.06,463.497476049,CENTRO-SUR,4A
4603,20,Oaxaca,20214,San Juan Quiotepec,20275.06,20.237736023,CENTRO-SUR,4B
4604,20,Oaxaca,20214,San Juan Quiotepec,20275.06,589.589039267,CENTRO-SUR,5
4605,20,Oaxaca,20214,San Juan Quiotepec,20275.06,3497.73600462,CENTRO-SUR,6
4607,20,Oaxaca,20216,San Juan TabaÃ¡,1962.34,683.738920757,CENTRO-SUR,1
4608,20,Oaxaca,20216,San Juan TabaÃ¡,1962.34,92.8776623286,CENTRO-SUR,2
4609,20,Oaxaca,20216,San Juan TabaÃ¡,1962.34,57.393494472,CENTRO-SUR,3A
4610,20,Oaxaca,20216,San Juan TabaÃ¡,1962.34,24.3531710376,CENTRO-SUR,3B
4611,20,Oaxaca,20216,San Juan TabaÃ¡,1962.34,1103.97453715,CENTRO-SUR,6
4622,20,Oaxaca,20220,San Juan Tepeuxila,25490.84,68.9316144265,CENTRO-SUR,1
4623,20,Oaxaca,20220,San Juan Tepeuxila,25490.84,7371.5679387,CENTRO-SUR,2
4624,20,Oaxaca,20220,San Juan Tepeuxila,25490.84,297.600623948,CENTRO-SUR,3A
4625,20,Oaxaca,20220,San Juan Tepeuxila,25490.84,9248.039293,CENTRO-SUR,3B
4626,20,Oaxaca,20220,San Juan Tepeuxila,25490.84,118.514187458,CENTRO-SUR,4A
4627,20,Oaxaca,20220,San Juan Tepeuxila,25490.84,803.730465578,CENTRO-SUR,4B
4628,20,Oaxaca,20220,San Juan Tepeuxila,25490.84,112.7563562,CENTRO-SUR,5
4629,20,Oaxaca,20220,San Juan Tepeuxila,25490.84,7469.69662074,CENTRO-SUR,6
4633,20,Oaxaca,20222,San Juan YaeÃ©,3783.18,26.7502872733,CENTRO-SUR,1
4634,20,Oaxaca,20222,San Juan YaeÃ©,3783.18,11.9263996821,CENTRO-SUR,2
4635,20,Oaxaca,20222,San Juan YaeÃ©,3783.18,863.321578182,CENTRO-SUR,3A
4636,20,Oaxaca,20222,San Juan YaeÃ©,3783.18,1470.93264599,CENTRO-SUR,3B
4637,20,Oaxaca,20222,San Juan YaeÃ©,3783.18,1410.24769998,CENTRO-SUR,6
4638,20,Oaxaca,20223,San Juan Yatzona,2911.9,1621.13512147,CENTRO-SUR,1
4639,20,Oaxaca,20223,San Juan Yatzona,2911.9,200.994265644,CENTRO-SUR,2
4640,20,Oaxaca,20223,San Juan Yatzona,2911.9,97.2573455212,CENTRO-SUR,3A
4641,20,Oaxaca,20223,San Juan Yatzona,2911.9,758.417791716,CENTRO-SUR,3B
4642,20,Oaxaca,20223,San Juan Yatzona,2911.9,234.093529016,CENTRO-SUR,6
4666,20,Oaxaca,20231,San Lucas CamotlÃ¡n,10181.21,4370.31335075,CENTRO-SUR,1
4667,20,Oaxaca,20231,San Lucas CamotlÃ¡n,10181.21,761.254913611,CENTRO-SUR,2
4668,20,Oaxaca,20231,San Lucas CamotlÃ¡n,10181.21,1311.35713504,CENTRO-SUR,3A
4669,20,Oaxaca,20231,San Lucas CamotlÃ¡n,10181.21,18.8917629284,CENTRO-SUR,3B
4670,20,Oaxaca,20231,San Lucas CamotlÃ¡n,10181.21,96.158745984,CENTRO-SUR,6
4671,20,Oaxaca,20232,San Lucas OjitlÃ¡n,45405.14,7463.5407381,CENTRO-SUR,4A
4672,20,Oaxaca,20232,San Lucas OjitlÃ¡n,45405.14,2499.80082328,CENTRO-SUR,4B
4673,20,Oaxaca,20232,San Lucas OjitlÃ¡n,45405.14,9233.77689986,CENTRO-SUR,6
4728,20,Oaxaca,20247,CapulÃ¡lpam de MÃ©ndez,3717.97,10.7618147804,CENTRO-SUR,1
4729,20,Oaxaca,20247,CapulÃ¡lpam de MÃ©ndez,3717.97,748.977256559,CENTRO-SUR,2
4730,20,Oaxaca,20247,CapulÃ¡lpam de MÃ©ndez,3717.97,474.257391305,CENTRO-SUR,3A
4731,20,Oaxaca,20247,CapulÃ¡lpam de MÃ©ndez,3717.97,1617.2444197,CENTRO-SUR,3B
4733,20,Oaxaca,20247,CapulÃ¡lpam de MÃ©ndez,3717.97,0.30885655695,CENTRO-SUR,6
4765,20,Oaxaca,20257,San Melchor Betaza,3411.38,7.16460747498,CENTRO-SUR,1
4766,20,Oaxaca,20257,San Melchor Betaza,3411.38,1460.73105877,CENTRO-SUR,3A
4767,20,Oaxaca,20257,San Melchor Betaza,3411.38,186.159081286,CENTRO-SUR,3B
4768,20,Oaxaca,20257,San Melchor Betaza,3411.38,242.565177299,CENTRO-SUR,5
4769,20,Oaxaca,20257,San Melchor Betaza,3411.38,1514.75903348,CENTRO-SUR,6
4778,20,Oaxaca,20260,San Miguel AloÃ¡pam,14214.68,15.0217396571,CENTRO-SUR,2
4779,20,Oaxaca,20260,San Miguel AloÃ¡pam,14214.68,98.8526229616,CENTRO-SUR,3A
4780,20,Oaxaca,20260,San Miguel AloÃ¡pam,14214.68,603.854879137,CENTRO-SUR,3B
4781,20,Oaxaca,20260,San Miguel AloÃ¡pam,14214.68,0.18356135951,CENTRO-SUR,5
4782,20,Oaxaca,20260,San Miguel AloÃ¡pam,14214.68,1.53478170111,CENTRO-SUR,6
4787,20,Oaxaca,20262,San Miguel AmatlÃ¡n,6091.41,14.5008675191,CENTRO-SUR,3A
4788,20,Oaxaca,20262,San Miguel AmatlÃ¡n,6091.41,64.0382687186,CENTRO-SUR,3B
4790,20,Oaxaca,20262,San Miguel AmatlÃ¡n,6091.41,40.2296226887,CENTRO-SUR,6
4822,20,Oaxaca,20270,San Miguel Huautla,6491.54,27.7933225115,CENTRO-SUR,3A
4823,20,Oaxaca,20270,San Miguel Huautla,6491.54,7.89686519771,CENTRO-SUR,3B
4825,20,Oaxaca,20270,San Miguel Huautla,6491.54,6.147862195,CENTRO-SUR,6
4842,20,Oaxaca,20275,San Miguel Quetzaltepec,20814.37,3565.4432961,CENTRO-SUR,1
4843,20,Oaxaca,20275,San Miguel Quetzaltepec,20814.37,2162.91685841,CENTRO-SUR,2
4844,20,Oaxaca,20275,San Miguel Quetzaltepec,20814.37,1409.39656199,CENTRO-SUR,3A
4845,20,Oaxaca,20275,San Miguel Quetzaltepec,20814.37,132.38113155,CENTRO-SUR,3B
4846,20,Oaxaca,20275,San Miguel Quetzaltepec,20814.37,244.322514157,CENTRO-SUR,6
4847,20,Oaxaca,20276,San Miguel Santa Flor,1978.83,238.556232596,CENTRO-SUR,1
4848,20,Oaxaca,20276,San Miguel Santa Flor,1978.83,18.4136637864,CENTRO-SUR,2
4849,20,Oaxaca,20276,San Miguel Santa Flor,1978.83,964.96853665,CENTRO-SUR,3A
4850,20,Oaxaca,20276,San Miguel Santa Flor,1978.83,298.035993863,CENTRO-SUR,3B
4851,20,Oaxaca,20276,San Miguel Santa Flor,1978.83,317.170975463,CENTRO-SUR,6
4856,20,Oaxaca,20278,San Miguel Soyaltepec,74161.02,12175.247746,CENTRO-SUR,4A
4857,20,Oaxaca,20278,San Miguel Soyaltepec,74161.02,3400.8569696,CENTRO-SUR,4B
4858,20,Oaxaca,20278,San Miguel Soyaltepec,74161.02,8194.02129761,CENTRO-SUR,6
4863,20,Oaxaca,20280,Villa Talea de Castro,6109.69,1689.10986455,CENTRO-SUR,1
4864,20,Oaxaca,20280,Villa Talea de Castro,6109.69,1238.60093041,CENTRO-SUR,2
4865,20,Oaxaca,20280,Villa Talea de Castro,6109.69,97.6633835543,CENTRO-SUR,3A
4866,20,Oaxaca,20280,Villa Talea de Castro,6109.69,614.532270043,CENTRO-SUR,3B
4867,20,Oaxaca,20280,Villa Talea de Castro,6109.69,2469.77959947,CENTRO-SUR,6
4891,20,Oaxaca,20288,San Miguel Yotao,3922.16,618.247016899,CENTRO-SUR,1
4892,20,Oaxaca,20288,San Miguel Yotao,3922.16,2450.54257054,CENTRO-SUR,2
4893,20,Oaxaca,20288,San Miguel Yotao,3922.16,422.450300308,CENTRO-SUR,3B
4894,20,Oaxaca,20288,San Miguel Yotao,3922.16,430.919812818,CENTRO-SUR,6
4920,20,Oaxaca,20296,San Pablo Macuiltianguis,14957.51,1451.71392378,CENTRO-SUR,1
4921,20,Oaxaca,20296,San Pablo Macuiltianguis,14957.51,1591.40320016,CENTRO-SUR,2
4922,20,Oaxaca,20296,San Pablo Macuiltianguis,14957.51,1769.02665781,CENTRO-SUR,3A
4923,20,Oaxaca,20296,San Pablo Macuiltianguis,14957.51,3850.37383598,CENTRO-SUR,3B
4924,20,Oaxaca,20296,San Pablo Macuiltianguis,14957.51,3.45836033078,CENTRO-SUR,5
4925,20,Oaxaca,20296,San Pablo Macuiltianguis,14957.51,152.223597233,CENTRO-SUR,6
4931,20,Oaxaca,20298,San Pablo Villa de Mitla,28100.26,50.7337972947,CENTRO-SUR,3B
4946,20,Oaxaca,20303,San Pedro Cajonos,281.72,2.82931852643,CENTRO-SUR,6
4963,20,Oaxaca,20309,San Pedro IxcatlÃ¡n,10164.88,1435.69447797,CENTRO-SUR,4A
4964,20,Oaxaca,20309,San Pedro IxcatlÃ¡n,10164.88,3.45578568263,CENTRO-SUR,4B
4965,20,Oaxaca,20309,San Pedro IxcatlÃ¡n,10164.88,204.678029579,CENTRO-SUR,6
4969,20,Oaxaca,20311,San Pedro Jaltepetongo,5150.33,19.4709762004,CENTRO-SUR,3A
4970,20,Oaxaca,20311,San Pedro Jaltepetongo,5150.33,353.569622494,CENTRO-SUR,3B
4971,20,Oaxaca,20311,San Pedro Jaltepetongo,5150.33,3061.93105312,CENTRO-SUR,6
4974,20,Oaxaca,20313,San Pedro Jocotipac,6937.22,20.3122939915,CENTRO-SUR,3A
4975,20,Oaxaca,20313,San Pedro Jocotipac,6937.22,21.8186023059,CENTRO-SUR,3B
4976,20,Oaxaca,20313,San Pedro Jocotipac,6937.22,2.40534079839,CENTRO-SUR,5
4977,20,Oaxaca,20313,San Pedro Jocotipac,6937.22,1.20092307264,CENTRO-SUR,6
5009,20,Oaxaca,20323,San Pedro Ocotepec,4218.93,2095.48697836,CENTRO-SUR,1
5010,20,Oaxaca,20323,San Pedro Ocotepec,4218.93,76.0815742995,CENTRO-SUR,2
5011,20,Oaxaca,20323,San Pedro Ocotepec,4218.93,1091.91441792,CENTRO-SUR,3A
5012,20,Oaxaca,20323,San Pedro Ocotepec,4218.93,457.443737135,CENTRO-SUR,3B
5013,20,Oaxaca,20323,San Pedro Ocotepec,4218.93,71.3800089954,CENTRO-SUR,6
5020,20,Oaxaca,20325,San Pedro Quiatoni,56571.22,11775.3259073,CENTRO-SUR,3A
5021,20,Oaxaca,20325,San Pedro Quiatoni,56571.22,252.262237006,CENTRO-SUR,3B
5022,20,Oaxaca,20325,San Pedro Quiatoni,56571.22,900.976076531,CENTRO-SUR,5
5023,20,Oaxaca,20325,San Pedro Quiatoni,56571.22,459.114631055,CENTRO-SUR,6
5024,20,Oaxaca,20326,San Pedro SochiÃ¡pam,15205.81,1411.10977552,CENTRO-SUR,1
5025,20,Oaxaca,20326,San Pedro SochiÃ¡pam,15205.81,2196.85399838,CENTRO-SUR,2
5026,20,Oaxaca,20326,San Pedro SochiÃ¡pam,15205.81,10368.7458272,CENTRO-SUR,4A
5027,20,Oaxaca,20326,San Pedro SochiÃ¡pam,15205.81,243.503729113,CENTRO-SUR,4B
5028,20,Oaxaca,20326,San Pedro SochiÃ¡pam,15205.81,985.600218328,CENTRO-SUR,6
5041,20,Oaxaca,20330,San Pedro Teutila,14841.35,359.411367641,CENTRO-SUR,1
5042,20,Oaxaca,20330,San Pedro Teutila,14841.35,2904.39423767,CENTRO-SUR,2
5043,20,Oaxaca,20330,San Pedro Teutila,14841.35,509.973862994,CENTRO-SUR,3A
5044,20,Oaxaca,20330,San Pedro Teutila,14841.35,33.6991839358,CENTRO-SUR,3B
5045,20,Oaxaca,20330,San Pedro Teutila,14841.35,7593.75006801,CENTRO-SUR,4A
5046,20,Oaxaca,20330,San Pedro Teutila,14841.35,129.907337005,CENTRO-SUR,4B
5047,20,Oaxaca,20330,San Pedro Teutila,14841.35,2624.27070524,CENTRO-SUR,6
5066,20,Oaxaca,20335,San Pedro Yaneri,2815.24,13.4058880991,CENTRO-SUR,1
5067,20,Oaxaca,20335,San Pedro Yaneri,2815.24,32.0581931225,CENTRO-SUR,2
5068,20,Oaxaca,20335,San Pedro Yaneri,2815.24,2170.48961341,CENTRO-SUR,3A
5069,20,Oaxaca,20335,San Pedro Yaneri,2815.24,365.117375553,CENTRO-SUR,3B
5070,20,Oaxaca,20335,San Pedro Yaneri,2815.24,234.171425838,CENTRO-SUR,6
5071,20,Oaxaca,20336,San Pedro YÃ³lox,16529.52,1030.7882192,CENTRO-SUR,1
5072,20,Oaxaca,20336,San Pedro YÃ³lox,16529.52,6161.46607557,CENTRO-SUR,2
5073,20,Oaxaca,20336,San Pedro YÃ³lox,16529.52,848.098478065,CENTRO-SUR,3A
5074,20,Oaxaca,20336,San Pedro YÃ³lox,16529.52,1625.28847387,CENTRO-SUR,3B
5075,20,Oaxaca,20336,San Pedro YÃ³lox,16529.52,5212.57378236,CENTRO-SUR,4A
5076,20,Oaxaca,20336,San Pedro YÃ³lox,16529.52,236.32808348,CENTRO-SUR,4B
5077,20,Oaxaca,20336,San Pedro YÃ³lox,16529.52,1414.97355042,CENTRO-SUR,6
5078,20,Oaxaca,20337,San Pedro y San Pablo Ayutla,17198.68,679.687413417,CENTRO-SUR,3A
5079,20,Oaxaca,20337,San Pedro y San Pablo Ayutla,17198.68,46.7499460479,CENTRO-SUR,3B
5081,20,Oaxaca,20337,San Pedro y San Pablo Ayutla,17198.68,437.943265715,CENTRO-SUR,6
5138,20,Oaxaca,20355,Santa Ana CuauhtÃ©moc,4120.27,1577.63445366,CENTRO-SUR,1
5139,20,Oaxaca,20355,Santa Ana CuauhtÃ©moc,4120.27,403.897020949,CENTRO-SUR,2
5140,20,Oaxaca,20355,Santa Ana CuauhtÃ©moc,4120.27,246.782787069,CENTRO-SUR,3A
5141,20,Oaxaca,20355,Santa Ana CuauhtÃ©moc,4120.27,6.450549367,CENTRO-SUR,3B
5142,20,Oaxaca,20355,Santa Ana CuauhtÃ©moc,4120.27,173.139493447,CENTRO-SUR,4A
5143,20,Oaxaca,20355,Santa Ana CuauhtÃ©moc,4120.27,3.77523643348,CENTRO-SUR,4B
5145,20,Oaxaca,20355,Santa Ana CuauhtÃ©moc,4120.27,417.719297954,CENTRO-SUR,6
5158,20,Oaxaca,20359,Santa Ana Yareni,4638.77,0.5532650414,CENTRO-SUR,5
5159,20,Oaxaca,20359,Santa Ana Yareni,4638.77,0.04601540229,CENTRO-SUR,6
5273,20,Oaxaca,20394,Santa MarÃ­a Alotepec,9868.19,4354.40514295,CENTRO-SUR,1
5274,20,Oaxaca,20394,Santa MarÃ­a Alotepec,9868.19,1419.41412143,CENTRO-SUR,2
5275,20,Oaxaca,20394,Santa MarÃ­a Alotepec,9868.19,36.2473737289,CENTRO-SUR,3A
5276,20,Oaxaca,20394,Santa MarÃ­a Alotepec,9868.19,113.486792911,CENTRO-SUR,3B
5277,20,Oaxaca,20394,Santa MarÃ­a Alotepec,9868.19,992.350046639,CENTRO-SUR,6
5278,20,Oaxaca,20395,Santa MarÃ­a Apazco,8047.33,742.345234769,CENTRO-SUR,3A
5279,20,Oaxaca,20395,Santa MarÃ­a Apazco,8047.33,154.803132245,CENTRO-SUR,3B
5280,20,Oaxaca,20395,Santa MarÃ­a Apazco,8047.33,542.999376415,CENTRO-SUR,6
5320,20,Oaxaca,20407,Santa MarÃ­a Chimalapa,455650.2,23660.5322651,CENTRO-SUR,4A
5321,20,Oaxaca,20407,Santa MarÃ­a Chimalapa,455650.2,628.972424621,CENTRO-SUR,4B
5323,20,Oaxaca,20407,Santa MarÃ­a Chimalapa,455650.2,2823.73272729,CENTRO-SUR,6
5337,20,Oaxaca,20412,Santa MarÃ­a Guienagati,39040.1,698.826275037,CENTRO-SUR,1
5338,20,Oaxaca,20412,Santa MarÃ­a Guienagati,39040.1,5350.57905469,CENTRO-SUR,2
5339,20,Oaxaca,20412,Santa MarÃ­a Guienagati,39040.1,931.830917995,CENTRO-SUR,3A
5340,20,Oaxaca,20412,Santa MarÃ­a Guienagati,39040.1,1078.41055125,CENTRO-SUR,3B
5342,20,Oaxaca,20412,Santa MarÃ­a Guienagati,39040.1,29.8480518157,CENTRO-SUR,5
5343,20,Oaxaca,20412,Santa MarÃ­a Guienagati,39040.1,258.479614843,CENTRO-SUR,6
5358,20,Oaxaca,20416,Santa MarÃ­a IxcatlÃ¡n,17707.53,2296.19954781,CENTRO-SUR,3A
5359,20,Oaxaca,20416,Santa MarÃ­a IxcatlÃ¡n,17707.53,1290.41327942,CENTRO-SUR,3B
5360,20,Oaxaca,20416,Santa MarÃ­a IxcatlÃ¡n,17707.53,217.02512401,CENTRO-SUR,5
5361,20,Oaxaca,20416,Santa MarÃ­a IxcatlÃ¡n,17707.53,5574.58455737,CENTRO-SUR,6
5362,20,Oaxaca,20417,Santa MarÃ­a Jacatepec,32388.26,22149.0227227,CENTRO-SUR,4A
5363,20,Oaxaca,20417,Santa MarÃ­a Jacatepec,32388.26,431.384987412,CENTRO-SUR,4B
5364,20,Oaxaca,20417,Santa MarÃ­a Jacatepec,32388.26,5788.2774125,CENTRO-SUR,6
5369,20,Oaxaca,20419,Santa MarÃ­a Jaltianguis,5392.72,985.609620972,CENTRO-SUR,3A
5370,20,Oaxaca,20419,Santa MarÃ­a Jaltianguis,5392.72,16.2223518518,CENTRO-SUR,3B
5372,20,Oaxaca,20419,Santa MarÃ­a Jaltianguis,5392.72,240.114557035,CENTRO-SUR,6
5389,20,Oaxaca,20425,Santa MarÃ­a PÃ¡palo,5572.55,850.568456506,CENTRO-SUR,1
5390,20,Oaxaca,20425,Santa MarÃ­a PÃ¡palo,5572.55,291.730558009,CENTRO-SUR,2
5391,20,Oaxaca,20425,Santa MarÃ­a PÃ¡palo,5572.55,1233.79992077,CENTRO-SUR,3A
5392,20,Oaxaca,20425,Santa MarÃ­a PÃ¡palo,5572.55,555.952394736,CENTRO-SUR,3B
5393,20,Oaxaca,20425,Santa MarÃ­a PÃ¡palo,5572.55,253.307023993,CENTRO-SUR,4A
5394,20,Oaxaca,20425,Santa MarÃ­a PÃ¡palo,5572.55,9.90798737231,CENTRO-SUR,4B
5395,20,Oaxaca,20425,Santa MarÃ­a PÃ¡palo,5572.55,2377.2821367,CENTRO-SUR,6
5415,20,Oaxaca,20431,Santa MarÃ­a Tecomavaca,37070.78,13.7805228746,CENTRO-SUR,3A
5416,20,Oaxaca,20431,Santa MarÃ­a Tecomavaca,37070.78,86.6791350095,CENTRO-SUR,3B
5417,20,Oaxaca,20431,Santa MarÃ­a Tecomavaca,37070.78,1177.44899052,CENTRO-SUR,5
5418,20,Oaxaca,20431,Santa MarÃ­a Tecomavaca,37070.78,4070.73668506,CENTRO-SUR,6
5419,20,Oaxaca,20432,Santa MarÃ­a Temaxcalapa,1319.14,45.2590827749,CENTRO-SUR,1
5420,20,Oaxaca,20432,Santa MarÃ­a Temaxcalapa,1319.14,351.128593639,CENTRO-SUR,2
5421,20,Oaxaca,20432,Santa MarÃ­a Temaxcalapa,1319.14,38.436644412,CENTRO-SUR,3A
5422,20,Oaxaca,20432,Santa MarÃ­a Temaxcalapa,1319.14,779.075232164,CENTRO-SUR,3B
5423,20,Oaxaca,20432,Santa MarÃ­a Temaxcalapa,1319.14,105.241041836,CENTRO-SUR,6
5434,20,Oaxaca,20435,Santa MarÃ­a Tepantlali,8464.66,742.491719789,CENTRO-SUR,1
5435,20,Oaxaca,20435,Santa MarÃ­a Tepantlali,8464.66,8.96361922124,CENTRO-SUR,2
5436,20,Oaxaca,20435,Santa MarÃ­a Tepantlali,8464.66,3449.71999285,CENTRO-SUR,3A
5437,20,Oaxaca,20435,Santa MarÃ­a Tepantlali,8464.66,2369.34851307,CENTRO-SUR,3B
5438,20,Oaxaca,20435,Santa MarÃ­a Tepantlali,8464.66,48.6298043871,CENTRO-SUR,5
5439,20,Oaxaca,20435,Santa MarÃ­a Tepantlali,8464.66,262.373906099,CENTRO-SUR,6
5440,20,Oaxaca,20436,Santa MarÃ­a TexcatitlÃ¡n,3541.94,0.11702623085,CENTRO-SUR,3A
5441,20,Oaxaca,20436,Santa MarÃ­a TexcatitlÃ¡n,3541.94,296.457402894,CENTRO-SUR,3B
5442,20,Oaxaca,20436,Santa MarÃ­a TexcatitlÃ¡n,3541.94,292.871228313,CENTRO-SUR,6
5443,20,Oaxaca,20437,Santa MarÃ­a Tlahuitoltepec,15328.16,2574.05990394,CENTRO-SUR,1
5444,20,Oaxaca,20437,Santa MarÃ­a Tlahuitoltepec,15328.16,2114.51976515,CENTRO-SUR,2
5445,20,Oaxaca,20437,Santa MarÃ­a Tlahuitoltepec,15328.16,348.75639185,CENTRO-SUR,3A
5446,20,Oaxaca,20437,Santa MarÃ­a Tlahuitoltepec,15328.16,47.2780476702,CENTRO-SUR,3B
5447,20,Oaxaca,20437,Santa MarÃ­a Tlahuitoltepec,15328.16,1715.59961745,CENTRO-SUR,6
5448,20,Oaxaca,20438,Santa MarÃ­a Tlalixtac,2409,384.736851927,CENTRO-SUR,1
5449,20,Oaxaca,20438,Santa MarÃ­a Tlalixtac,2409,435.567758515,CENTRO-SUR,2
5450,20,Oaxaca,20438,Santa MarÃ­a Tlalixtac,2409,621.897469938,CENTRO-SUR,3A
5451,20,Oaxaca,20438,Santa MarÃ­a Tlalixtac,2409,18.7352076639,CENTRO-SUR,3B
5452,20,Oaxaca,20438,Santa MarÃ­a Tlalixtac,2409,161.022195074,CENTRO-SUR,4A
5453,20,Oaxaca,20438,Santa MarÃ­a Tlalixtac,2409,666.412921389,CENTRO-SUR,6
5468,20,Oaxaca,20442,Santa MarÃ­a Yalina,4828.87,452.841118257,CENTRO-SUR,1
5469,20,Oaxaca,20442,Santa MarÃ­a Yalina,4828.87,344.538794499,CENTRO-SUR,2
5470,20,Oaxaca,20442,Santa MarÃ­a Yalina,4828.87,3191.22949609,CENTRO-SUR,3A
5471,20,Oaxaca,20442,Santa MarÃ­a Yalina,4828.87,840.255600855,CENTRO-SUR,3B
5472,20,Oaxaca,20443,Santa MarÃ­a YavesÃ­a,8769.94,154.870723715,CENTRO-SUR,1
5473,20,Oaxaca,20443,Santa MarÃ­a YavesÃ­a,8769.94,972.58407688,CENTRO-SUR,2
5474,20,Oaxaca,20443,Santa MarÃ­a YavesÃ­a,8769.94,843.195479274,CENTRO-SUR,3A
5475,20,Oaxaca,20443,Santa MarÃ­a YavesÃ­a,8769.94,2595.86286609,CENTRO-SUR,3B
5476,20,Oaxaca,20443,Santa MarÃ­a YavesÃ­a,8769.94,9.35573850742,CENTRO-SUR,6
5505,20,Oaxaca,20451,Santiago Apoala,8576.29,266.099733077,CENTRO-SUR,3A
5506,20,Oaxaca,20451,Santiago Apoala,8576.29,804.466691445,CENTRO-SUR,3B
5507,20,Oaxaca,20451,Santiago Apoala,8576.29,639.849921427,CENTRO-SUR,6
5513,20,Oaxaca,20454,Santiago AtitlÃ¡n,7091.36,1527.61239409,CENTRO-SUR,1
5514,20,Oaxaca,20454,Santiago AtitlÃ¡n,7091.36,1173.52806575,CENTRO-SUR,2
5515,20,Oaxaca,20454,Santiago AtitlÃ¡n,7091.36,4390.22258521,CENTRO-SUR,6
5524,20,Oaxaca,20457,Santiago CamotlÃ¡n,31205.91,2564.7990451,CENTRO-SUR,1
5525,20,Oaxaca,20457,Santiago CamotlÃ¡n,31205.91,12692.6848753,CENTRO-SUR,2
5526,20,Oaxaca,20457,Santiago CamotlÃ¡n,31205.91,895.097801872,CENTRO-SUR,3A
5527,20,Oaxaca,20457,Santiago CamotlÃ¡n,31205.91,552.044481064,CENTRO-SUR,3B
5528,20,Oaxaca,20457,Santiago CamotlÃ¡n,31205.91,13665.9887715,CENTRO-SUR,4A
5529,20,Oaxaca,20457,Santiago CamotlÃ¡n,31205.91,285.491256629,CENTRO-SUR,4B
5530,20,Oaxaca,20457,Santiago CamotlÃ¡n,31205.91,471.003739868,CENTRO-SUR,6
5531,20,Oaxaca,20458,Santiago Comaltepec,20402.98,129.569544342,CENTRO-SUR,1
5532,20,Oaxaca,20458,Santiago Comaltepec,20402.98,5093.12687637,CENTRO-SUR,2
5533,20,Oaxaca,20458,Santiago Comaltepec,20402.98,135.298937657,CENTRO-SUR,3A
5534,20,Oaxaca,20458,Santiago Comaltepec,20402.98,2271.63263053,CENTRO-SUR,3B
5535,20,Oaxaca,20458,Santiago Comaltepec,20402.98,1015.72378469,CENTRO-SUR,4A
5536,20,Oaxaca,20458,Santiago Comaltepec,20402.98,6002.91254603,CENTRO-SUR,4B
5537,20,Oaxaca,20458,Santiago Comaltepec,20402.98,5644.19417345,CENTRO-SUR,6
5542,20,Oaxaca,20460,Santiago ChoÃ¡pam,31122.44,9162.60634733,CENTRO-SUR,1
5543,20,Oaxaca,20460,Santiago ChoÃ¡pam,31122.44,8912.21311072,CENTRO-SUR,2
5544,20,Oaxaca,20460,Santiago ChoÃ¡pam,31122.44,4743.02239207,CENTRO-SUR,3A
5545,20,Oaxaca,20460,Santiago ChoÃ¡pam,31122.44,3296.29011812,CENTRO-SUR,3B
5546,20,Oaxaca,20460,Santiago ChoÃ¡pam,31122.44,2075.64544756,CENTRO-SUR,4A
5547,20,Oaxaca,20460,Santiago ChoÃ¡pam,31122.44,58.124827002,CENTRO-SUR,4B
5548,20,Oaxaca,20460,Santiago ChoÃ¡pam,31122.44,784.993203992,CENTRO-SUR,6
5556,20,Oaxaca,20463,Santiago Huauclilla,10076.95,171.01912215,CENTRO-SUR,3A
5557,20,Oaxaca,20463,Santiago Huauclilla,10076.95,63.3031896094,CENTRO-SUR,3B
5558,20,Oaxaca,20463,Santiago Huauclilla,10076.95,1.41670942766,CENTRO-SUR,5
5559,20,Oaxaca,20463,Santiago Huauclilla,10076.95,29.5321968058,CENTRO-SUR,6
5563,20,Oaxaca,20465,Santiago Ixcuintepec,12234.21,33.2197128297,CENTRO-SUR,1
5564,20,Oaxaca,20465,Santiago Ixcuintepec,12234.21,701.342249145,CENTRO-SUR,2
5565,20,Oaxaca,20465,Santiago Ixcuintepec,12234.21,541.016102855,CENTRO-SUR,3A
5566,20,Oaxaca,20465,Santiago Ixcuintepec,12234.21,10484.5003706,CENTRO-SUR,3B
5567,20,Oaxaca,20465,Santiago Ixcuintepec,12234.21,436.780396212,CENTRO-SUR,6
5582,20,Oaxaca,20468,Santiago Jocotepec,61849.53,10.0807326246,CENTRO-SUR,1
5584,20,Oaxaca,20468,Santiago Jocotepec,61849.53,37190.0557194,CENTRO-SUR,4A
5585,20,Oaxaca,20468,Santiago Jocotepec,61849.53,563.144499758,CENTRO-SUR,4B
5586,20,Oaxaca,20468,Santiago Jocotepec,61849.53,5879.02781094,CENTRO-SUR,6
5592,20,Oaxaca,20470,Santiago Lachiguiri,43417.65,4303.24125624,CENTRO-SUR,1
5593,20,Oaxaca,20470,Santiago Lachiguiri,43417.65,1846.3350633,CENTRO-SUR,2
5594,20,Oaxaca,20470,Santiago Lachiguiri,43417.65,8529.87108485,CENTRO-SUR,3A
5595,20,Oaxaca,20470,Santiago Lachiguiri,43417.65,3844.46491087,CENTRO-SUR,3B
5597,20,Oaxaca,20470,Santiago Lachiguiri,43417.65,527.840320232,CENTRO-SUR,6
5598,20,Oaxaca,20471,Santiago Lalopa,2561.41,1191.3096518,CENTRO-SUR,1
5599,20,Oaxaca,20471,Santiago Lalopa,2561.41,43.3680645975,CENTRO-SUR,2
5600,20,Oaxaca,20471,Santiago Lalopa,2561.41,620.496752959,CENTRO-SUR,3A
5601,20,Oaxaca,20471,Santiago Lalopa,2561.41,45.0397357673,CENTRO-SUR,3B
5602,20,Oaxaca,20471,Santiago Lalopa,2561.41,661.194512515,CENTRO-SUR,6
5605,20,Oaxaca,20473,Santiago Laxopa,11740.71,658.315674086,CENTRO-SUR,1
5606,20,Oaxaca,20473,Santiago Laxopa,11740.71,675.525637502,CENTRO-SUR,2
5607,20,Oaxaca,20473,Santiago Laxopa,11740.71,5097.22814829,CENTRO-SUR,3A
5608,20,Oaxaca,20473,Santiago Laxopa,11740.71,4321.3186625,CENTRO-SUR,3B
5609,20,Oaxaca,20473,Santiago Laxopa,11740.71,953.044645809,CENTRO-SUR,6
5622,20,Oaxaca,20478,Santiago Nacaltepec,20444.9,368.623694798,CENTRO-SUR,3A
5623,20,Oaxaca,20478,Santiago Nacaltepec,20444.9,2331.82124879,CENTRO-SUR,3B
5624,20,Oaxaca,20478,Santiago Nacaltepec,20444.9,51.7484463844,CENTRO-SUR,5
5625,20,Oaxaca,20478,Santiago Nacaltepec,20444.9,7120.48010672,CENTRO-SUR,6
5690,20,Oaxaca,20496,Santiago XiacuÃ­,6336.48,0.11604964137,CENTRO-SUR,1
5691,20,Oaxaca,20496,Santiago XiacuÃ­,6336.48,10.6999400607,CENTRO-SUR,2
5692,20,Oaxaca,20496,Santiago XiacuÃ­,6336.48,2179.41703121,CENTRO-SUR,3A
5693,20,Oaxaca,20496,Santiago XiacuÃ­,6336.48,2164.25586647,CENTRO-SUR,3B
5694,20,Oaxaca,20496,Santiago XiacuÃ­,6336.48,3.97096064618,CENTRO-SUR,6
5700,20,Oaxaca,20498,Santiago Yaveo,102422.48,3.46260804657,CENTRO-SUR,1
5701,20,Oaxaca,20498,Santiago Yaveo,102422.48,186.311366027,CENTRO-SUR,2
5702,20,Oaxaca,20498,Santiago Yaveo,102422.48,48.1079034946,CENTRO-SUR,3A
5703,20,Oaxaca,20498,Santiago Yaveo,102422.48,114.919680841,CENTRO-SUR,3B
5704,20,Oaxaca,20498,Santiago Yaveo,102422.48,64.0763639956,CENTRO-SUR,4A
5706,20,Oaxaca,20498,Santiago Yaveo,102422.48,82.1866189313,CENTRO-SUR,6
5718,20,Oaxaca,20502,Santiago Zacatepec,21325.14,7802.52410047,CENTRO-SUR,1
5719,20,Oaxaca,20502,Santiago Zacatepec,21325.14,1389.94013221,CENTRO-SUR,2
5720,20,Oaxaca,20502,Santiago Zacatepec,21325.14,584.223486282,CENTRO-SUR,3A
5721,20,Oaxaca,20502,Santiago Zacatepec,21325.14,2126.67758342,CENTRO-SUR,3B
5722,20,Oaxaca,20502,Santiago Zacatepec,21325.14,1761.71261364,CENTRO-SUR,6
5723,20,Oaxaca,20503,Santiago Zoochila,822.16,683.702769816,CENTRO-SUR,3A
5724,20,Oaxaca,20503,Santiago Zoochila,822.16,17.2514445521,CENTRO-SUR,3B
5725,20,Oaxaca,20503,Santiago Zoochila,822.16,121.207148775,CENTRO-SUR,6
5757,20,Oaxaca,20513,Santo Domingo Petapa,34049.53,114.907396535,CENTRO-SUR,1
5758,20,Oaxaca,20513,Santo Domingo Petapa,34049.53,1262.23112053,CENTRO-SUR,2
5759,20,Oaxaca,20513,Santo Domingo Petapa,34049.53,175.778058966,CENTRO-SUR,3A
5760,20,Oaxaca,20513,Santo Domingo Petapa,34049.53,377.341956209,CENTRO-SUR,3B
5761,20,Oaxaca,20513,Santo Domingo Petapa,34049.53,89.4062198822,CENTRO-SUR,4A
5762,20,Oaxaca,20513,Santo Domingo Petapa,34049.53,0.31174550193,CENTRO-SUR,4B
5765,20,Oaxaca,20514,Santo Domingo Roayaga,5628.33,4362.53758564,CENTRO-SUR,1
5766,20,Oaxaca,20514,Santo Domingo Roayaga,5628.33,558.10267835,CENTRO-SUR,2
5767,20,Oaxaca,20514,Santo Domingo Roayaga,5628.33,268.626673386,CENTRO-SUR,3A
5768,20,Oaxaca,20514,Santo Domingo Roayaga,5628.33,311.465338272,CENTRO-SUR,3B
5769,20,Oaxaca,20514,Santo Domingo Roayaga,5628.33,127.599426026,CENTRO-SUR,6
5770,20,Oaxaca,20515,Santo Domingo Tehuantepec,120377.21,91.5052161446,CENTRO-SUR,1
5771,20,Oaxaca,20515,Santo Domingo Tehuantepec,120377.21,249.995365385,CENTRO-SUR,2
5772,20,Oaxaca,20515,Santo Domingo Tehuantepec,120377.21,1226.532626,CENTRO-SUR,3A
5773,20,Oaxaca,20515,Santo Domingo Tehuantepec,120377.21,92.6057956454,CENTRO-SUR,3B
5777,20,Oaxaca,20515,Santo Domingo Tehuantepec,120377.21,623.959876551,CENTRO-SUR,6
5781,20,Oaxaca,20517,Santo Domingo Tepuxtepec,11379.37,6696.96729074,CENTRO-SUR,3A
5782,20,Oaxaca,20517,Santo Domingo Tepuxtepec,11379.37,686.732907581,CENTRO-SUR,3B
5784,20,Oaxaca,20517,Santo Domingo Tepuxtepec,11379.37,1959.02717571,CENTRO-SUR,6
5799,20,Oaxaca,20522,Santo Domingo XagacÃ­a,5652.45,1575.1240007,CENTRO-SUR,3A
5800,20,Oaxaca,20522,Santo Domingo XagacÃ­a,5652.45,154.245775579,CENTRO-SUR,3B
5801,20,Oaxaca,20522,Santo Domingo XagacÃ­a,5652.45,48.8047217625,CENTRO-SUR,6
5822,20,Oaxaca,20527,Santos Reyes PÃ¡palo,8333.04,722.822966947,CENTRO-SUR,2
5823,20,Oaxaca,20527,Santos Reyes PÃ¡palo,8333.04,278.458528489,CENTRO-SUR,3A
5824,20,Oaxaca,20527,Santos Reyes PÃ¡palo,8333.04,3822.36947668,CENTRO-SUR,3B
5825,20,Oaxaca,20527,Santos Reyes PÃ¡palo,8333.04,164.410974665,CENTRO-SUR,5
5826,20,Oaxaca,20527,Santos Reyes PÃ¡palo,8333.04,3192.41374558,CENTRO-SUR,6
5870,20,Oaxaca,20541,Tanetze de Zaragoza,2248.05,917.657357162,CENTRO-SUR,1
5871,20,Oaxaca,20541,Tanetze de Zaragoza,2248.05,90.3332417477,CENTRO-SUR,2
5872,20,Oaxaca,20541,Tanetze de Zaragoza,2248.05,164.368056591,CENTRO-SUR,3A
5873,20,Oaxaca,20541,Tanetze de Zaragoza,2248.05,23.3594536179,CENTRO-SUR,3B
5874,20,Oaxaca,20541,Tanetze de Zaragoza,2248.05,1052.33497213,CENTRO-SUR,6
5920,20,Oaxaca,20554,Totontepec Villa de Morelos,26696.72,16500.5676326,CENTRO-SUR,1
5921,20,Oaxaca,20554,Totontepec Villa de Morelos,26696.72,5702.71692119,CENTRO-SUR,2
5922,20,Oaxaca,20554,Totontepec Villa de Morelos,26696.72,1165.30427768,CENTRO-SUR,3A
5923,20,Oaxaca,20554,Totontepec Villa de Morelos,26696.72,1802.28079609,CENTRO-SUR,3B
5924,20,Oaxaca,20554,Totontepec Villa de Morelos,26696.72,5.43788941311,CENTRO-SUR,5
5925,20,Oaxaca,20554,Totontepec Villa de Morelos,26696.72,1349.20251538,CENTRO-SUR,6
5932,20,Oaxaca,20558,Valerio Trujano,5465.55,153.782987189,CENTRO-SUR,5
5933,20,Oaxaca,20558,Valerio Trujano,5465.55,807.955725209,CENTRO-SUR,6
5934,20,Oaxaca,20559,San Juan Bautista Valle Nacional,68371.13,235.810935681,CENTRO-SUR,1
5935,20,Oaxaca,20559,San Juan Bautista Valle Nacional,68371.13,3807.56482221,CENTRO-SUR,2
5936,20,Oaxaca,20559,San Juan Bautista Valle Nacional,68371.13,51372.3107436,CENTRO-SUR,4A
5937,20,Oaxaca,20559,San Juan Bautista Valle Nacional,68371.13,761.342296195,CENTRO-SUR,4B
5938,20,Oaxaca,20559,San Juan Bautista Valle Nacional,68371.13,11908.3308741,CENTRO-SUR,6
5939,20,Oaxaca,20560,Villa DÃ­az Ordaz,28378.38,1536.90404278,CENTRO-SUR,3A
5940,20,Oaxaca,20560,Villa DÃ­az Ordaz,28378.38,4981.27821612,CENTRO-SUR,3B
5942,20,Oaxaca,20560,Villa DÃ­az Ordaz,28378.38,384.919611921,CENTRO-SUR,6
