CVEGEO,Nombre,APM_1994,APM_1995,APM_1996,APM_1997,APM_1998,APM_1999,APM_2000,APM_2001,APM_2002,APM_2003,APM_2004,APM_2005,APM_2006,APM_2007,APM_2008,APM_2009,APM_2010,APM_2011,APM_2012,APM_2013,APM_2014,APM_2015,APM_2016
20001,Abejones,,0,6526,0,0,0,0,0,0,0,0,0,0,0,0,0,0,0,0,0,0,0,4428
20002,Acatlán de Pérez Figueroa,,0,0,0,0,0,1384,1584,3938,0,0,1000,0,0,600,0,492,0,0,0,0,0,0
20003,Asunción Cacalotepec,,0,0,0,0,0,0,0,0,0,0,0,0,0,0,0,0,0,0,0,0,0,0
20004,Asunción Cuyotepeji,,0,0,0,0,0,0,0,0,0,0,0,0,0,0,0,0,0,0,0,0,0,0
20005,Asunción Ixtaltepec,,0,0,0,0,0,0,0,0,0,0,0,0,0,0,0,0,0,0,0,0,0,0
20006,Asunción Nochixtlán,,0,0,0,0,0,0,0,0,0,0,0,0,0,0,0,0,0,0,0,0,0,0
20007,Asunción Ocotlán,,0,0,0,0,0,0,0,0,0,0,0,0,0,0,0,0,0,0,0,0,0,0
20008,Asunción Tlacolulita,,0,0,0,0,0,0,0,0,0,0,0,0,0,0,0,0,0,0,0,0,0,0
20009,Ayotzintepec,,0,0,0,0,0,0,0,0,0,0,0,0,0,0,0,0,0,0,0,0,0,0
20010,El Barrio de la Soledad,,0,0,0,0,0,0,0,0,0,0,0,0,0,0,0,0,0,0,0,0,0,0
20011,Calihualá,,0,0,0,0,0,0,0,0,0,0,0,0,0,0,0,0,0,0,0,0,0,0
20012,Candelaria Loxicha,,629,2176,367,6671,880,2985,0,441,1384,0,0,1478,0,506,0,0,0,1832,2391,2855,2897,2165
20013,Ciénega de Zimatlán,,0,0,0,0,0,0,0,0,0,0,0,0,0,0,0,0,0,0,0,0,0,0
20014,Ciudad Ixtepec,,0,0,0,0,0,0,0,0,0,0,0,0,0,0,0,0,0,0,0,0,0,0
20015,Coatecas Altas,,0,0,0,0,0,0,0,0,0,0,0,0,0,0,0,0,0,0,0,0,0,0
20016,Coicoyán de las Flores,,0,0,0,0,0,0,0,0,0,0,0,0,0,0,0,0,0,0,0,0,0,0
20017,La Compañía,,0,0,0,0,0,0,0,0,0,0,0,0,0,0,5,0,0,5,7,7,8,6
20018,Concepción Buenavista,,0,0,0,0,0,0,0,0,0,0,0,0,0,0,0,0,0,0,0,0,0,0
20019,Concepción Pápalo,,0,7644,9792,56144,86184,58128,26302,30277,16744,11003,3896,0,1034,10164,7499,0,1917,21707,29103,32810,22267,19621
20020,Constancia del Rosario,,0,0,0,0,0,0,0,0,0,0,0,0,0,0,0,0,0,0,0,0,0,0
20021,Cosolapa,,0,0,0,0,0,0,0,0,0,0,0,0,0,0,0,0,0,0,0,0,0,0
20022,Cosoltepec,,0,0,0,0,0,0,0,0,0,0,0,0,0,0,0,0,0,0,0,0,0,0
20023,Cuilápam de Guerrero,,0,0,0,0,0,0,0,0,0,0,0,0,0,0,0,0,0,0,0,0,0,0
20024,Cuyamecalco Villa de Zaragoza,,0,0,0,0,0,0,0,0,0,0,0,0,0,0,0,0,0,0,0,2694,1570,0
20025,Chahuites,,0,0,0,0,0,0,0,0,0,0,0,0,0,0,0,0,0,0,0,0,0,0
20026,Chalcatongo de Hidalgo,,0,0,0,0,0,0,0,0,0,0,0,0,0,0,0,0,0,0,0,0,0,0
20027,Chiquihuitlán de Benito Juárez,,0,0,0,0,0,0,0,0,0,0,0,0,0,0,0,0,0,0,0,0,0,0
20028,Heroica Ciudad de Ejutla de Crespo,,0,0,0,0,0,0,0,0,0,0,0,0,0,0,0,0,0,0,0,222,446,1843
20029,Eloxochitlán de Flores Magón,,0,0,0,0,0,0,0,0,0,0,0,0,0,0,0,0,0,0,0,0,0,0
20030,El Espinal,,0,0,0,0,0,0,0,0,0,0,0,0,0,0,0,0,0,0,0,0,0,0
20031,Tamazulápam del Espíritu Santo,,0,0,0,0,0,0,0,0,0,0,0,0,313,506,0,0,0,0,0,0,0,0
20032,Fresnillo de Trujano,,0,0,0,0,0,0,0,0,0,0,0,0,0,0,0,0,0,0,0,0,0,0
20033,Guadalupe Etla,,0,0,0,0,0,0,0,0,0,0,0,0,0,0,0,0,0,0,0,0,0,0
20034,Guadalupe de Ramírez,,0,0,0,0,0,0,0,0,0,0,0,0,0,0,0,0,0,0,0,0,0,0
20035,Guelatao de Juárez,,0,0,0,0,0,0,0,0,0,0,0,0,0,0,0,0,0,0,0,0,0,0
20036,Guevea de Humboldt,,0,0,0,0,0,5,5,13,81,0,0,0,0,0,0,0,0,0,0,0,0,0
20037,Mesones Hidalgo,,0,0,0,0,0,0,0,0,0,0,0,0,0,0,0,0,0,0,0,0,0,0
20038,Villa Hidalgo,,0,0,0,0,0,0,0,0,0,0,0,0,0,0,0,0,0,0,0,485,305,645
20039,Heroica Ciudad de Huajuapan de León,,0,0,0,0,0,0,0,0,8,0,0,0,0,0,0,0,0,0,0,0,0,0
20040,Huautepec,,0,0,0,0,0,0,0,0,0,0,0,0,0,0,0,0,0,0,0,0,0,0
20041,Huautla de Jiménez,,0,0,0,0,0,0,0,0,0,0,0,0,0,0,0,0,0,0,0,266,389,0
20042,Ixtlán de Juárez,,81487,88063,813,13183,81534,25276,23012,57044,44314,0,0,42210,10547,574,542,719,7459,39154,7934,15686,50933,33588
20043,Heroica Ciudad de Juchitán de Zaragoza,,0,0,0,0,0,0,0,0,0,0,0,0,0,0,0,0,0,0,0,0,0,0
20044,Loma Bonita,,0,0,0,0,0,0,0,58,0,113,750,1947,124,478,85,172,1662,0,0,0,0,0
20045,Magdalena Apasco,,0,0,0,0,0,0,0,0,0,0,0,0,0,0,0,0,0,0,0,0,0,0
20046,Magdalena Jaltepec,,0,0,0,0,0,0,0,0,0,0,0,0,0,0,0,0,0,0,0,0,0,0
20047,Santa Magdalena Jicotlán,,0,0,0,0,0,0,0,0,0,0,0,0,0,0,0,0,0,0,0,0,0,0
20048,Magdalena Mixtepec,,2586,0,0,3207,0,0,0,0,0,0,0,0,0,0,0,0,0,0,0,0,2887,2691
20049,Magdalena Ocotlán,,0,0,0,0,0,0,0,0,0,0,0,0,0,0,0,0,0,0,0,0,0,0
20050,Magdalena Peñasco,,0,0,0,0,0,0,0,0,0,0,0,0,0,0,0,0,0,0,0,0,0,0
20051,Magdalena Teitipac,,0,0,0,0,0,0,0,0,0,0,0,0,0,0,0,0,0,0,0,0,0,0
20052,Magdalena Tequisistlán,,0,0,0,0,0,0,0,0,0,0,0,0,600,6168,0,0,0,0,0,0,1448,0
20053,Magdalena Tlacotepec,,0,0,0,0,0,0,0,0,0,0,0,0,0,0,0,0,0,0,0,0,0,0
20054,Magdalena Zahuatlán,,0,0,0,0,0,0,0,0,0,0,0,0,0,0,0,0,0,0,0,0,0,0
20055,Mariscala de Juárez,,0,0,0,0,0,0,0,0,0,0,0,0,0,0,0,0,0,0,0,0,0,0
20056,Mártires de Tacubaya,,0,0,0,0,0,0,0,0,0,0,0,0,0,0,0,0,0,0,0,0,0,0
20057,Matías Romero Avendaño,,44640,0,25669,8944,19141,6721,5567,1822,3337,1581,2251,0,0,0,960,960,0,0,0,0,0,0
20058,Mazatlán Villa de Flores,,0,0,0,0,0,0,0,0,0,0,0,0,0,0,0,0,0,0,0,10985,7394,0
20059,Miahuatlán de Porfirio Díaz,,0,0,0,0,0,0,0,0,0,0,0,0,34,0,0,0,0,0,0,0,0,0
20060,Mixistlán de la Reforma,,0,0,0,0,0,0,0,0,7241,0,0,0,0,0,0,0,0,0,0,0,0,0
20061,Monjas,,0,0,0,0,0,0,0,0,0,0,0,0,0,0,0,0,0,0,0,0,0,0
20062,Natividad,,0,0,0,0,0,0,0,0,0,0,0,0,0,0,0,0,0,0,0,0,0,0
20063,Nazareno Etla,,0,0,0,0,0,0,0,0,0,0,0,0,0,0,0,0,0,0,0,0,0,0
20064,Nejapa de Madero,,19651,0,7335,15790,11552,15245,13803,0,41409,3301,11930,15378,17973,0,0,0,0,22064,24277,14310,16255,0
20065,Ixpantepec Nieves,,0,0,0,0,0,0,0,0,0,0,0,0,0,0,0,0,0,0,0,0,0,0
20066,Santiago Niltepec,,0,0,0,0,0,0,0,0,0,0,0,0,0,0,0,0,0,0,0,0,0,0
20067,Oaxaca de Juárez,,0,0,0,0,0,0,0,0,0,0,0,40,0,0,0,0,0,33,269,0,0,17
20068,Ocotlán de Morelos,,0,0,0,0,0,0,0,0,0,0,0,0,0,0,0,0,0,0,0,0,0,0
20069,La Pe,,0,0,0,0,0,0,0,0,0,0,0,0,0,0,0,0,0,0,0,0,0,0
20070,Pinotepa de Don Luis,,0,0,0,0,0,0,0,0,0,0,0,0,0,0,0,0,0,0,0,0,0,0
20071,Pluma Hidalgo,,0,440,378,1395,0,958,336,3,0,0,0,773,0,842,430,0,838,130,224,0,0,0
20072,San José del Progreso,,0,0,0,0,0,0,0,0,0,0,0,0,0,0,0,0,0,0,0,0,0,0
20073,Putla Villa de Guerrero,,0,8338,5116,0,0,0,3973,0,1573,0,0,15109,0,0,0,5615,1432,5683,461,0,0,0
20074,Santa Catarina Quioquitani,,0,0,0,0,0,0,0,0,0,0,0,0,0,0,0,0,0,0,0,663,1348,0
20075,Reforma de Pineda,,0,0,0,0,0,0,0,0,0,0,0,0,0,0,0,0,0,0,0,0,0,0
20076,La Reforma,,0,3520,11503,0,6793,2922,12527,0,0,0,0,3531,1830,0,0,0,0,1118,1081,1437,2820,1807
20077,Reyes Etla,,0,0,0,0,0,0,0,0,0,0,0,0,0,0,0,0,0,0,0,0,0,0
20078,Rojas de Cuauhtémoc,,0,0,0,0,0,0,0,0,0,0,0,0,0,0,0,0,0,0,0,0,0,0
20079,Salina Cruz,,0,0,0,0,0,0,0,0,0,0,0,0,0,0,0,0,0,0,0,0,0,0
20080,San Agustín Amatengo,,0,0,0,0,0,0,0,0,0,0,0,0,0,0,0,0,0,0,0,0,0,0
20081,San Agustín Atenango,,0,0,0,0,0,0,0,0,0,0,0,0,0,0,0,0,0,0,0,0,0,0
20082,San Agustín Chayuco,,13844,5064,0,6934,3068,0,1524,0,0,0,0,0,0,1744,1722,0,0,0,0,0,0,0
20083,San Agustín de las Juntas,,0,0,0,0,0,0,0,0,6,0,0,0,0,0,0,0,0,0,0,0,0,0
20084,San Agustín Etla,,0,0,0,0,0,0,0,0,0,0,0,1143,1480,0,1149,1444,1304,704,634,0,406,291
20085,San Agustín Loxicha,,21741,15625,12898,25747,5329,3384,1192,914,1815,248,2412,2267,2788,7412,1006,2505,2062,11152,7022,7626,1256,754
20086,San Agustín Tlacotepec,,0,0,0,0,0,0,0,0,0,0,0,0,0,0,0,0,0,0,0,0,0,0
20087,San Agustín Yatareni,,0,0,0,0,0,0,0,0,0,0,0,0,0,0,0,0,0,0,0,0,0,0
20088,San Andrés Cabecera Nueva,,58048,18560,52307,27949,25816,11284,29862,7249,0,482,0,7465,0,0,0,0,0,1572,0,5845,0,0
20089,San Andrés Dinicuiti,,0,0,0,0,0,0,0,0,0,0,0,0,0,0,0,0,0,0,0,0,0,0
20090,San Andrés Huaxpaltepec,,0,0,0,0,0,0,0,0,0,0,0,0,0,0,0,0,0,0,0,0,0,0
20091,San Andrés Huayápam,,0,0,0,0,0,0,0,0,0,2902,0,0,1441,871,0,0,0,2741,2741,0,0,5
20092,San Andrés Ixtlahuaca,,0,0,0,0,0,0,0,0,0,0,0,0,0,0,0,0,0,0,0,0,0,0
20093,San Andrés Lagunas,,0,0,0,0,0,0,0,0,0,0,0,0,0,0,0,0,0,0,0,0,0,0
20094,San Andrés Nuxiño,,0,0,0,0,0,0,0,0,0,0,0,4594,0,0,0,0,0,2958,2725,3533,5332,0
20095,San Andrés Paxtlán,,0,0,0,1492,525,0,0,0,0,0,0,0,0,0,0,321,0,669,483,415,440,899
20096,San Andrés Sinaxtla,,0,0,0,0,0,0,0,0,0,0,0,0,0,0,0,0,0,0,0,0,0,0
20097,San Andrés Solaga,,0,0,0,0,0,0,0,0,0,0,0,0,0,0,84,0,0,0,375,0,52,0
20098,San Andrés Teotilálpam,,0,0,0,0,0,0,6961,5597,0,786,0,0,0,0,0,0,0,0,0,0,0,0
20099,San Andrés Tepetlapa,,0,0,0,0,0,0,0,0,0,0,0,0,0,0,0,0,0,0,0,0,0,0
20100,San Andrés Yaá,,0,0,0,0,0,0,0,0,0,0,0,0,0,0,0,0,0,0,4493,0,0,0
20101,San Andrés Zabache,,0,0,0,0,0,0,0,0,0,0,0,0,0,0,0,0,0,0,0,0,0,0
20102,San Andrés Zautla,,0,0,0,0,0,0,0,0,4205,0,1202,762,492,2509,576,0,0,4107,4010,4702,5020,6123
20103,San Antonino Castillo Velasco,,0,0,0,0,0,0,0,0,0,0,0,0,0,0,0,0,0,0,0,0,0,0
20104,San Antonino el Alto,,10847,5373,6481,5532,1265,6142,7692,0,0,0,0,0,0,6020,0,0,8893,18204,18988,20579,17308,16490
20105,San Antonino Monte Verde,,0,0,0,0,0,0,0,0,0,0,0,0,0,0,0,0,0,0,0,0,0,0
20106,San Antonio Acutla,,0,0,0,0,0,0,0,0,0,0,0,0,0,0,0,0,0,0,0,0,0,0
20107,San Antonio de la Cal,,0,0,0,0,0,0,0,0,0,0,0,0,0,0,0,0,0,0,0,0,0,0
20108,San Antonio Huitepec,,0,0,669,0,2651,0,3164,454,3519,865,0,1915,0,104,8715,0,0,16047,7603,9482,6857,6371
20109,San Antonio Nanahuatípam,,0,0,0,0,0,0,0,0,0,0,0,0,0,0,0,0,0,0,0,0,0,0
20110,San Antonio Sinicahua,,0,0,0,0,0,0,0,0,0,0,0,0,0,0,0,0,0,0,0,0,0,0
20111,San Antonio Tepetlapa,,0,0,0,0,0,0,0,0,0,0,0,0,0,0,0,0,0,0,0,0,0,0
20112,San Baltazar Chichicápam,,0,0,0,0,0,0,0,0,0,0,0,0,0,0,0,0,0,0,0,0,0,0
20113,San Baltazar Loxicha,,0,5579,0,9025,3565,0,0,0,0,0,0,0,0,0,0,2476,0,2565,1025,1830,2432,2330
20114,San Baltazar Yatzachi el Bajo,,0,0,0,0,0,0,0,0,0,0,0,0,0,0,0,0,0,0,0,0,0,0
20115,San Bartolo Coyotepec,,0,0,0,0,0,0,0,0,0,0,0,0,0,0,0,0,0,0,0,0,0,0
20116,San Bartolomé Ayautla,,0,0,0,0,0,0,0,0,0,0,699,0,0,0,7454,0,0,6510,7594,8244,8679,10589
20117,San Bartolomé Loxicha,,6117,0,0,50750,31526,10000,0,0,0,0,0,804,0,0,862,0,0,849,2219,1852,937,902
20118,San Bartolomé Quialana,,0,0,0,0,0,0,0,0,0,0,0,0,0,0,0,0,0,0,0,0,0,0
20119,San Bartolomé Yucuañe,,0,0,0,0,0,0,0,0,0,0,0,0,0,0,0,0,0,0,0,0,0,0
20120,San Bartolomé Zoogocho,,0,12,0,0,0,0,0,0,0,0,0,0,0,0,0,0,0,0,0,0,0,0
20121,San Bartolo Soyaltepec,,0,0,0,0,0,0,0,0,0,0,0,0,0,0,0,0,0,0,0,0,0,0
20122,San Bartolo Yautepec,,0,0,0,0,0,386,0,0,0,0,0,0,0,0,0,0,0,0,0,0,0,0
20123,San Bernardo Mixtepec,,6292,1984,0,8968,3898,0,0,0,0,2042,0,150,981,1395,481,443,890,1543,2837,6028,6605,7388
20124,San Blas Atempa,,0,0,0,0,0,0,0,0,0,238,780,298,222,0,798,0,0,0,0,0,0,0
20125,San Carlos Yautepec,,0,3668,4590,0,20646,21061,14200,15678,18390,30429,66912,5727,4292,12398,0,8359,0,140015,28385,16024,31922,62232
20126,San Cristóbal Amatlán,,0,0,0,0,6135,4502,0,0,0,0,0,0,0,0,0,0,5607,5213,5337,4612,8814,5609
20127,San Cristóbal Amoltepec,,0,0,0,0,0,0,0,0,0,0,0,0,0,0,0,0,611,441,399,456,431,544
20128,San Cristóbal Lachirioag,,0,0,0,0,0,0,0,0,0,0,0,0,0,0,0,0,0,0,0,0,0,0
20129,San Cristóbal Suchixtlahuaca,,0,0,0,0,0,0,0,0,0,0,0,0,0,0,0,0,0,0,0,0,0,0
20130,San Dionisio del Mar,,0,0,0,0,0,0,0,0,0,0,0,0,0,0,0,0,0,0,0,0,0,0
20131,San Dionisio Ocotepec,,0,0,0,0,0,0,0,0,0,0,0,0,0,0,0,0,0,0,0,0,0,0
20132,San Dionisio Ocotlán,,0,0,0,0,0,0,0,0,0,0,0,0,0,0,0,0,0,0,0,0,0,0
20133,San Esteban Atatlahuca,,26285,35571,22013,0,68514,0,23955,1053,52707,13636,7292,15742,0,651,1336,0,1854,15072,25464,15153,16669,33697
20134,San Felipe Jalapa de Díaz,,0,0,0,0,0,0,0,0,0,0,63,58,0,0,0,0,0,0,0,0,0,0
20135,San Felipe Tejalápam,,0,0,0,0,0,0,0,0,0,0,0,0,0,169,202,0,0,0,0,0,0,0
20136,San Felipe Usila,,0,0,0,0,0,2980,497,559,0,0,0,0,0,0,0,0,0,0,0,0,0,0
20137,San Francisco Cahuacuá,,12445,22706,10211,12775,27095,0,0,0,1884,0,0,289,210,12331,16601,30801,0,24695,14898,20968,19226,20521
20138,San Francisco Cajonos,,5511,5636,0,13249,0,0,0,0,0,0,0,6840,5667,4909,13218,0,2065,0,5206,61,0,20905
20139,San Francisco Chapulapa,,0,0,0,0,0,0,0,0,0,0,0,0,0,0,0,0,0,0,0,0,0,0
20140,San Francisco Chindúa,,0,0,0,0,0,0,0,0,0,0,0,0,0,0,0,0,0,0,0,0,0,0
20141,San Francisco del Mar,,0,0,0,0,0,0,0,0,0,0,0,0,0,0,0,0,0,0,0,0,0,0
20142,San Francisco Huehuetlán,,0,0,0,0,0,0,0,0,0,0,0,0,0,0,0,0,0,0,0,0,0,0
20143,San Francisco Ixhuatán,,0,0,0,0,0,0,0,0,0,0,0,0,0,0,0,0,0,0,0,0,0,0
20144,San Francisco Jaltepetongo,,0,0,0,0,0,0,0,0,0,0,0,0,0,0,0,0,0,0,0,0,0,0
20145,San Francisco Lachigoló,,0,0,0,0,0,0,0,0,0,0,0,0,0,0,0,0,0,0,0,0,0,0
20146,San Francisco Logueche,,0,0,0,0,0,0,0,0,0,0,0,0,0,0,0,0,0,0,0,0,0,0
20147,San Francisco Nuxaño,,0,0,0,0,0,0,0,0,0,0,0,0,0,0,0,0,0,0,0,0,0,0
20148,San Francisco Ozolotepec,,0,0,0,0,0,0,0,0,0,0,0,0,0,0,0,0,0,0,0,0,0,0
20149,San Francisco Sola,,0,0,0,0,0,3749,0,0,0,0,0,0,0,0,0,0,0,0,0,0,0,0
20150,San Francisco Telixtlahuaca,,0,0,0,0,0,0,0,0,0,0,0,0,0,0,440,1491,0,1332,1337,1159,1021,961
20151,San Francisco Teopan,,0,0,0,0,0,0,0,0,0,0,0,0,0,0,0,0,0,0,0,0,0,0
20152,San Francisco Tlapancingo,,0,0,0,0,0,0,0,0,0,0,0,0,0,0,0,0,0,0,0,0,0,0
20153,San Gabriel Mixtepec,,12740,18288,23000,27246,4533,559,602,114,0,0,0,0,0,0,0,0,0,0,0,0,548,0
20154,San Ildefonso Amatlán,,0,0,3262,4626,0,0,0,3099,0,173,2259,1599,723,1118,0,584,0,1509,1749,1604,2921,2424
20155,San Ildefonso Sola,,0,0,0,0,0,236,0,0,0,0,0,0,0,0,0,0,0,0,0,0,0,0
20156,San Ildefonso Villa Alta,,0,0,0,0,0,0,0,0,0,0,0,0,0,0,0,0,0,0,0,0,206,0
20157,San Jacinto Amilpas,,0,0,0,0,0,0,0,0,0,0,0,0,0,0,0,0,0,0,0,0,0,0
20158,San Jacinto Tlacotepec,,0,0,0,0,0,0,0,0,0,0,0,0,0,0,0,0,0,0,0,0,0,0
20159,San Jerónimo Coatlán,,97683,21934,80105,111715,95097,183973,25855,5500,0,0,6095,0,11206,2419,22083,6594,0,30132,28367,29875,27824,70305
20160,San Jerónimo Silacayoapilla,,0,0,0,0,0,0,0,0,0,0,0,0,0,0,0,0,0,0,0,0,0,0
20161,San Jerónimo Sosola,,0,0,0,0,0,0,0,0,0,0,0,48,0,2971,897,0,0,2909,3419,2795,3168,2774
20162,San Jerónimo Taviche,,0,0,0,0,0,0,0,0,0,0,0,0,0,0,0,0,0,0,0,0,0,0
20163,San Jerónimo Tecóatl,,0,0,0,0,0,0,0,0,0,0,0,0,0,0,0,0,0,0,0,0,0,0
20164,San Jorge Nuchita,,0,0,0,0,0,0,0,0,0,0,0,0,0,0,0,0,0,0,0,0,0,0
20165,San José Ayuquila,,0,0,0,0,0,0,0,0,0,0,0,0,0,0,0,0,0,0,0,0,0,0
20166,San José Chiltepec,,0,0,0,0,0,805,398,403,1285,882,4617,141,5202,1475,2815,1658,1633,0,0,0,0,0
20167,San José del Peñasco,,0,0,0,0,0,0,0,0,0,0,0,0,0,0,0,0,0,0,0,0,0,0
20168,San José Estancia Grande,,0,0,0,0,0,0,0,0,0,0,0,0,0,0,0,0,0,0,0,0,0,0
20169,San José Independencia,,0,0,0,0,0,0,0,0,0,0,0,0,0,0,0,0,0,0,0,0,0,0
20170,San José Lachiguiri,,0,0,0,0,0,0,0,0,0,0,0,0,0,0,0,0,0,0,0,0,0,0
20171,San José Tenango,,237,0,0,0,0,0,0,0,0,0,0,0,0,0,0,0,0,0,0,0,0,0
20172,San Juan Achiutla,,0,0,0,0,0,0,0,0,0,0,0,0,0,0,0,0,0,0,0,0,0,0
20173,San Juan Atepec,,0,20174,6739,26136,25189,0,3661,8793,12281,13283,11287,3288,3278,6426,2895,3009,2167,14022,11211,1956,2567,3708
20174,Ánimas Trujano,,0,0,0,0,0,0,0,0,0,0,0,0,0,0,0,0,0,0,0,0,0,0
20175,San Juan Bautista Atatlahuca,,18306,5892,0,7825,14326,17596,17341,3100,0,1957,0,0,0,0,0,588,0,0,13659,0,0,2762
20176,San Juan Bautista Coixtlahuaca,,0,0,0,0,0,0,0,0,0,0,0,0,0,0,0,0,0,0,0,0,0,0
20177,San Juan Bautista Cuicatlán,,0,0,0,0,0,0,12,64,0,312,590,405,0,113,0,0,330,132,0,342,3380,1532
20178,San Juan Bautista Guelache,,0,0,1934,0,0,0,0,4332,793,0,882,0,0,1999,444,0,0,1033,741,3694,0,0
20179,San Juan Bautista Jayacatlán,,7958,11362,0,0,7282,0,0,766,0,766,0,0,12031,680,0,0,438,7262,8431,7323,6275,8373
20180,San Juan Bautista Lo de Soto,,0,0,0,0,0,0,0,0,0,0,0,0,0,0,0,0,0,0,0,0,0,0
20181,San Juan Bautista Suchitepec,,0,0,0,0,0,0,0,0,0,0,0,0,0,0,0,0,0,0,0,0,0,0
20182,San Juan Bautista Tlacoatzintepec,,0,0,0,0,0,0,0,0,0,0,0,0,0,0,0,0,0,0,0,0,0,0
20183,San Juan Bautista Tlachichilco,,0,0,0,0,0,0,0,0,0,0,0,0,0,0,0,0,0,0,0,0,0,0
20184,San Juan Bautista Tuxtepec,,0,0,0,0,4699,793,9088,49946,6870,38193,37007,17876,9742,5887,14289,11654,5437,0,0,0,0,0
20185,San Juan Cacahuatepec,,0,677,0,0,0,0,0,0,0,0,0,0,0,0,0,0,0,0,0,0,0,0
20186,San Juan Cieneguilla,,0,0,0,0,0,0,0,0,0,0,0,0,0,0,0,0,0,0,0,0,0,0
20187,San Juan Coatzóspam,,0,0,0,0,0,0,0,0,0,0,0,0,0,0,0,0,0,0,0,0,0,0
20188,San Juan Colorado,,5343,4756,15222,6138,0,2724,3360,0,0,0,0,0,0,0,0,0,0,1770,1687,2036,1963,16231
20189,San Juan Comaltepec,,0,0,0,0,0,0,0,0,0,0,0,4670,0,0,4353,0,0,3143,3934,2873,2753,0
20190,San Juan Cotzocón,,28315,0,12520,20746,26083,30692,19899,31820,19349,56989,10812,22747,16417,23953,18232,7779,2083,5152,6029,5851,5923,5970
20191,San Juan Chicomezúchil,,0,0,0,0,0,0,0,0,0,0,0,0,0,0,0,0,0,0,0,0,0,0
20192,San Juan Chilateca,,0,0,0,0,0,0,0,0,0,0,0,0,0,0,0,0,0,0,0,0,0,0
20193,San Juan del Estado,,0,0,0,0,0,0,0,10694,23088,0,15410,0,46582,39723,49099,1340,10002,380,545,1117,261,36616
20194,San Juan del Río,,0,0,0,0,0,0,0,0,0,0,0,0,0,0,201,0,0,0,0,0,16,0
20195,San Juan Diuxi,,0,0,0,0,0,0,0,0,0,0,0,0,0,0,0,0,0,0,0,0,0,0
20196,San Juan Evangelista Analco,,0,0,0,0,3387,0,0,0,0,0,0,371,0,351,811,0,591,0,2185,2045,2270,2596
20197,San Juan Guelavía,,0,0,0,0,0,0,0,0,0,0,0,0,0,0,0,0,0,0,0,0,0,0
20198,San Juan Guichicovi,,0,772,3203,2340,9859,1167,2586,0,2265,2419,0,16616,0,0,21,0,0,2954,2871,2502,2353,2820
20199,San Juan Ihualtepec,,0,0,0,0,0,0,0,0,0,0,0,0,0,0,0,0,0,0,0,0,0,0
20200,San Juan Juquila Mixes,,0,0,0,0,0,0,0,0,0,0,0,0,0,0,0,0,0,0,0,0,0,0
20201,San Juan Juquila Vijanos,,0,0,0,712,1721,0,4627,0,3297,0,0,0,0,0,0,0,430,0,0,0,0,0
20202,San Juan Lachao,,0,1098,0,7697,10000,45210,8870,6300,2523,2263,0,113,773,0,0,0,11150,11781,11324,12675,11078,9807
20203,San Juan Lachigalla,,0,0,0,0,0,0,0,0,0,0,0,0,0,0,0,299,805,2451,2686,3015,5246,4226
20204,San Juan Lajarcia,,0,0,0,0,0,0,0,0,0,0,0,0,0,0,0,0,0,0,0,0,0,0
20205,San Juan Lalana,,0,0,0,0,0,0,0,0,0,0,0,0,4354,0,0,168,0,0,0,0,0,0
20206,San Juan de los Cués,,0,0,0,0,0,0,0,2590,0,0,0,0,0,0,0,0,0,0,0,0,292,0
20207,San Juan Mazatlán,,0,0,444,0,3787,3195,0,21,5781,353,14284,10773,7603,0,263,4941,106,4411,5262,4019,4767,5492
20208,San Juan Mixtepec,,0,0,0,0,0,0,0,0,0,0,0,0,0,0,0,0,0,0,0,0,122988,72406
20209,San Juan Mixtepec,,0,0,0,0,10339,14495,18481,8795,0,0,0,0,0,0,0,0,0,0,0,0,3073,5374
20210,San Juan Ñumí,,0,500,0,0,0,0,0,0,0,0,0,401,0,0,0,0,474,1407,3904,2383,36343,16111
20211,San Juan Ozolotepec,,14476,0,0,23352,0,16806,0,0,0,0,0,0,0,0,2335,6970,0,10472,14533,14668,20844,30165
20212,San Juan Petlapa,,0,0,0,0,0,0,0,0,0,0,0,0,0,0,0,0,0,0,0,0,0,0
20213,San Juan Quiahije,,19452,0,0,10374,29221,6174,13838,0,0,0,0,0,0,0,0,0,0,0,524,2843,0,18358
20214,San Juan Quiotepec,,10938,0,5956,3413,8330,0,0,0,2341,11633,1453,9802,0,880,16323,0,0,14767,16102,19922,17806,24704
20215,San Juan Sayultepec,,0,0,0,0,0,0,0,0,0,0,0,0,0,0,0,0,0,0,0,0,0,0
20216,San Juan Tabaá,,0,0,0,0,0,0,0,0,0,0,0,0,0,0,0,0,851,10,63,50,33,35
20217,San Juan Tamazola,,0,0,0,0,0,0,0,0,0,1602,0,47837,17551,0,11416,0,5173,6404,8448,10073,6258,6650
20218,San Juan Teita,,0,0,0,0,0,0,0,0,0,0,0,0,0,0,0,0,0,0,0,0,0,0
20219,San Juan Teitipac,,0,0,0,0,0,0,0,0,0,0,0,0,0,0,0,0,0,0,0,0,0,0
20220,San Juan Tepeuxila,,5943,20272,10955,9338,19546,22652,6463,2647,3929,7178,33677,12767,2823,8591,913,0,0,9861,17273,13496,16339,20745
20221,San Juan Teposcolula,,0,0,0,0,0,0,0,0,0,0,0,0,0,0,0,0,0,0,0,0,0,0
20222,San Juan Yaeé,,0,0,0,0,0,0,0,0,23,0,0,0,0,0,0,0,0,0,0,0,0,0
20223,San Juan Yatzona,,0,0,0,0,0,0,0,0,0,0,0,0,0,0,0,0,0,0,0,0,0,0
20224,San Juan Yucuita,,0,0,0,0,0,0,0,0,0,0,0,0,0,0,0,0,0,0,0,0,0,0
20225,San Lorenzo,,0,0,0,0,0,0,0,0,0,0,0,0,0,0,0,0,0,0,0,0,0,0
20226,San Lorenzo Albarradas,,0,0,0,0,0,0,0,0,0,0,0,0,1580,0,0,0,0,0,0,0,0,0
20227,San Lorenzo Cacaotepec,,0,0,0,0,0,0,0,0,0,0,0,0,0,0,0,0,0,0,0,0,0,0
20228,San Lorenzo Cuaunecuiltitla,,0,0,0,0,0,0,0,0,0,0,0,0,0,0,0,0,0,0,0,0,0,0
20229,San Lorenzo Texmelúcan,,0,0,11314,0,0,7762,0,0,0,0,0,0,0,0,0,641,0,457,746,0,47713,2146
20230,San Lorenzo Victoria,,0,0,0,0,0,0,0,0,0,0,0,0,0,0,0,0,0,0,0,0,0,0
20231,San Lucas Camotlán,,0,0,0,0,0,0,0,0,0,0,0,0,0,0,0,0,0,0,0,0,0,0
20232,San Lucas Ojitlán,,0,0,0,0,0,0,0,0,0,31,21,0,0,0,1080,0,2119,0,0,0,0,0
20233,San Lucas Quiaviní,,0,0,0,0,0,0,0,0,0,0,0,0,0,0,0,0,0,0,0,0,0,0
20234,San Lucas Zoquiápam,,0,0,0,0,0,0,0,0,0,0,0,0,0,0,0,0,0,0,0,0,0,0
20235,San Luis Amatlán,,0,0,0,0,0,0,0,0,0,0,0,0,0,0,0,0,0,0,0,0,0,0
20236,San Marcial Ozolotepec,,0,0,698,3220,0,0,1240,1035,0,262,0,0,1417,0,1169,1443,0,976,2946,2206,485,4599
20237,San Marcos Arteaga,,0,0,0,0,0,0,0,0,0,0,0,0,0,0,0,0,0,0,0,0,0,0
20238,San Martín de los Cansecos,,0,0,0,0,0,0,0,0,0,0,0,0,0,0,0,0,0,0,0,0,0,0
20239,San Martín Huamelúlpam,,0,0,0,0,0,0,0,0,0,0,0,0,0,0,0,0,0,660,709,412,449,456
20240,San Martín Itunyoso,,0,0,0,0,0,0,0,0,0,0,0,0,0,0,0,0,0,0,0,0,0,95
20241,San Martín Lachilá,,0,0,0,0,0,0,0,0,0,0,0,0,0,0,0,0,0,0,0,0,0,0
20242,San Martín Peras,,0,0,0,0,0,0,0,0,0,0,0,0,0,0,0,0,0,17,0,0,0,0
20243,San Martín Tilcajete,,0,0,0,0,0,0,0,0,0,0,0,0,0,0,0,0,0,0,0,0,0,0
20244,San Martín Toxpalan,,0,0,0,0,0,0,0,118,0,0,0,0,0,0,0,0,0,0,0,0,0,107
20245,San Martín Zacatepec,,0,0,0,0,0,0,0,0,0,0,0,0,0,0,0,0,0,0,0,0,0,0
20246,San Mateo Cajonos,,0,0,0,0,0,0,0,0,0,0,0,0,0,0,0,0,0,0,247,0,0,0
20247,Capulálpam de Méndez,,12212,6248,0,8102,0,9570,0,0,4461,0,0,202,1027,2570,8769,20004,2577,13908,7082,562,961,16518
20248,San Mateo del Mar,,0,0,0,0,0,0,0,0,0,0,0,0,0,0,0,0,0,0,0,0,0,0
20249,San Mateo Yoloxochitlán,,0,0,0,0,0,0,0,0,0,0,0,0,0,0,0,0,0,0,0,0,0,0
20250,San Mateo Etlatongo,,0,0,0,0,0,0,0,0,0,0,0,0,0,0,0,0,0,0,0,0,0,0
20251,San Mateo Nejápam,,0,0,0,0,0,0,0,0,0,0,0,0,0,0,0,0,0,0,0,0,0,0
20252,San Mateo Peñasco,,0,0,0,0,0,0,0,0,0,0,0,0,0,0,0,0,0,0,0,0,0,0
20253,San Mateo Piñas,,0,0,0,1860,300,0,1517,0,0,0,0,6407,724,2595,0,0,0,0,2980,0,0,0
20254,San Mateo Río Hondo,,68812,44501,21865,30048,38840,21789,13090,12896,15799,19908,19254,18174,17072,15250,4661,11973,15739,18522,20173,21912,21792,27114
20255,San Mateo Sindihui,,0,0,0,0,0,0,0,0,0,0,0,0,0,0,0,0,0,0,0,0,0,0
20256,San Mateo Tlapiltepec,,0,0,0,0,0,0,0,0,0,0,0,0,0,0,0,0,0,0,0,0,0,0
20257,San Melchor Betaza,,0,0,0,0,0,0,0,0,0,0,0,0,0,0,0,0,0,477,116,0,0,0
20258,San Miguel Achiutla,,0,0,0,0,0,0,0,0,0,0,0,0,0,0,0,0,0,1724,0,1344,0,1345
20259,San Miguel Ahuehuetitlán,,0,0,0,0,0,0,0,0,0,0,0,0,0,0,0,0,0,0,0,0,0,0
20260,San Miguel Aloápam,,28105,18687,28997,0,39375,6794,24217,0,0,34204,29699,36733,32385,6694,14688,5853,2787,33351,27969,0,16631,22390
20261,San Miguel Amatitlán,,0,0,0,0,0,0,0,0,0,0,0,0,0,0,0,0,0,22624,0,0,0,0
20262,San Miguel Amatlán,,37820,0,0,0,21208,0,7860,0,0,0,0,0,35972,24136,46112,15023,14154,22624,7053,3478,3400,2230
20263,San Miguel Coatlán,,0,0,17726,0,0,0,0,0,4435,0,0,0,0,3550,0,0,0,5992,2372,6844,2808,2116
20264,San Miguel Chicahua,,0,0,0,0,0,0,0,0,0,0,0,0,0,0,0,0,0,0,0,0,0,0
20265,San Miguel Chimalapa,,2982,0,0,0,0,0,0,0,0,0,0,0,0,0,0,0,0,0,0,0,0,0
20266,San Miguel del Puerto,,0,812,0,2194,5417,0,0,0,0,259,0,0,1263,0,0,0,0,0,0,0,0,0
20267,San Miguel del Río,,0,0,0,0,0,0,0,0,0,0,0,0,0,0,0,0,0,0,0,0,0,0
20268,San Miguel Ejutla,,0,0,0,0,0,0,0,0,0,0,0,0,0,0,0,0,0,0,0,0,0,0
20269,San Miguel el Grande,,8417,0,8926,2271,0,0,0,0,0,0,114944,0,0,0,6934,756,178,5396,6139,8167,6178,4827
20270,San Miguel Huautla,,0,0,0,0,0,0,0,0,0,0,0,0,0,0,0,0,0,0,0,0,0,0
20271,San Miguel Mixtepec,,1907,0,0,0,0,726,1056,3871,0,0,0,0,0,0,2037,0,1272,7609,5410,5553,6643,8242
20272,San Miguel Panixtlahuaca,,0,0,0,0,0,0,0,0,0,0,0,0,0,0,0,0,0,0,0,0,0,0
20273,San Miguel Peras,,18363,0,1459,0,0,5427,0,20097,6204,5756,3038,0,37440,0,0,0,0,3072,482,0,1842,5527
20274,San Miguel Piedras,,0,0,0,0,0,0,0,0,0,0,0,0,0,0,0,0,0,0,0,0,0,0
20275,San Miguel Quetzaltepec,,0,0,0,0,0,0,0,0,0,0,0,0,0,0,0,0,0,0,0,0,0,0
20276,San Miguel Santa Flor,,0,0,0,0,0,0,0,0,0,0,0,0,0,0,0,0,0,0,0,0,0,0
20277,Villa Sola de Vega,,28088,37039,9868,4516,41944,0,5424,11089,0,0,4024,2847,1308,0,19753,807,0,35904,21898,23720,30319,29536
20278,San Miguel Soyaltepec,,0,0,0,0,0,0,0,0,804,6395,7669,2847,0,91,0,0,40,0,0,0,0,0
20279,San Miguel Suchixtepec,,33406,18627,0,14672,19745,8308,10487,4955,6703,4335,2536,2613,7128,4415,5867,3394,15461,14447,8244,15811,19133,20010
20280,Villa Talea de Castro,,0,0,0,0,0,538,7809,0,2101,0,0,0,0,0,0,0,646,0,0,0,0,0
20281,San Miguel Tecomatlán,,0,0,0,0,0,0,0,0,0,0,0,0,0,0,0,0,0,0,0,0,0,0
20282,San Miguel Tenango,,0,0,0,0,0,0,0,0,0,0,0,0,0,0,0,0,0,0,0,0,0,0
20283,San Miguel Tequixtepec,,0,0,0,0,0,0,0,0,0,0,0,0,0,0,0,0,0,0,0,0,0,0
20284,San Miguel Tilquiápam,,0,0,0,0,0,0,0,0,0,0,0,0,0,0,0,0,0,0,0,0,0,0
20285,San Miguel Tlacamama,,0,0,0,0,0,0,0,0,0,0,0,0,0,0,0,0,0,0,0,0,0,0
20286,San Miguel Tlacotepec,,0,0,0,0,0,0,0,0,0,0,0,0,0,0,0,0,0,0,0,0,0,0
20287,San Miguel Tulancingo,,0,0,0,0,0,0,0,0,0,0,0,0,0,0,0,0,0,0,0,0,0,0
20288,San Miguel Yotao,,0,0,0,0,0,0,0,0,0,0,0,0,0,143,0,0,0,210,0,0,0,0
20289,San Nicolás,,0,0,0,0,0,0,0,0,0,0,0,0,0,0,0,0,0,0,0,0,0,0
20290,San Nicolás Hidalgo,,0,0,0,0,0,0,0,0,0,0,0,0,0,0,0,0,0,0,0,0,0,0
20291,San Pablo Coatlán,,8692,2636,0,0,0,0,4480,14377,22957,0,0,129,0,2228,0,0,0,11826,0,0,8502,6215
20292,San Pablo Cuatro Venados,,0,0,0,3660,636,5374,9242,0,3628,0,0,0,0,0,0,0,0,0,0,0,0,0
20293,San Pablo Etla,,0,0,5842,3600,0,0,0,0,0,1746,0,825,1897,2015,374,404,625,2298,1990,687,420,809
20294,San Pablo Huitzo,,0,0,0,0,0,0,0,0,0,0,0,0,0,0,0,0,0,0,0,0,0,0
20295,San Pablo Huixtepec,,0,0,0,0,0,0,0,0,0,0,0,0,0,0,0,0,0,0,0,0,0,0
20296,San Pablo Macuiltianguis,,25289,41290,1441,0,15499,0,28419,21664,22673,17944,20951,10502,24932,0,9920,1018,0,21384,23824,18451,60514,59914
20297,San Pablo Tijaltepec,,0,0,0,0,0,0,0,0,0,0,0,0,0,0,0,0,0,0,0,0,0,0
20298,San Pablo Villa de Mitla,,0,0,0,9711,0,3527,0,0,5293,1833,0,410,0,0,141,9567,0,9085,2797,1474,2495,1271
20299,San Pablo Yaganiza,,0,0,0,0,0,0,0,0,0,0,0,0,0,0,0,0,0,0,327,0,0,0
20300,San Pedro Amuzgos,,0,0,0,0,0,0,0,0,0,0,0,0,0,0,0,0,0,0,0,0,0,0
20301,San Pedro Apóstol,,0,0,0,0,0,0,0,0,0,0,0,0,0,0,0,0,0,0,0,0,0,0
20302,San Pedro Atoyac,,0,0,0,0,0,0,0,0,0,0,0,0,0,0,0,0,0,0,0,0,0,0
20303,San Pedro Cajonos,,0,0,0,0,0,0,0,0,0,0,0,0,533,0,0,169,0,0,1988,3781,2431,3356
20304,San Pedro Coxcaltepec Cántaros,,0,0,0,0,0,0,0,0,0,0,0,0,0,0,0,0,0,0,0,0,0,173
20305,San Pedro Comitancillo,,0,0,0,0,0,0,0,0,0,0,0,0,0,0,0,0,0,0,0,0,0,0
20306,San Pedro el Alto,,808,0,767,31645,362,4174,0,0,1,1120,0,0,873,0,0,0,1445,1190,931,689,5472,448
20307,San Pedro Huamelula,,0,0,0,0,0,0,0,0,0,0,0,0,0,0,0,0,0,0,0,0,0,0
20308,San Pedro Huilotepec,,0,0,0,0,0,0,0,0,0,0,0,0,0,0,0,0,0,0,0,0,0,0
20309,San Pedro Ixcatlán,,0,0,0,0,0,0,0,0,0,238,0,0,0,0,0,0,0,0,0,0,0,0
20310,San Pedro Ixtlahuaca,,0,0,0,0,0,0,0,0,0,0,0,0,0,0,0,0,0,0,0,0,0,0
20311,San Pedro Jaltepetongo,,0,0,0,0,0,0,0,0,0,0,0,0,0,0,0,0,0,0,0,0,0,0
20312,San Pedro Jicayán,,0,0,0,0,0,0,0,0,0,0,0,0,0,0,0,0,0,0,0,0,0,0
20313,San Pedro Jocotipac,,0,0,0,0,0,0,0,0,0,0,0,0,0,0,0,0,0,0,0,0,0,0
20314,San Pedro Juchatengo,,0,0,0,0,0,0,0,0,0,0,0,0,0,0,0,0,0,0,0,0,0,0
20315,San Pedro Mártir,,0,0,0,0,0,0,0,0,0,0,0,0,0,0,0,0,0,0,0,0,0,0
20316,San Pedro Mártir Quiechapa,,0,0,0,0,0,0,0,0,0,0,0,0,0,0,0,0,0,0,0,0,0,9532
20317,San Pedro Mártir Yucuxaco,,0,0,0,0,0,0,0,0,0,0,0,0,0,0,0,0,2602,2802,2199,1802,2682,3373
20318,San Pedro Mixtepec,,0,0,0,0,0,0,0,0,0,0,0,0,0,0,0,0,0,0,0,0,0,0
20319,San Pedro Mixtepec,,0,0,0,0,0,0,0,0,0,0,0,0,0,0,0,0,0,0,0,0,0,0
20320,San Pedro Molinos,,0,0,0,0,0,0,0,0,0,0,0,0,0,0,0,0,0,0,0,0,0,0
20321,San Pedro Nopala,,0,0,0,0,0,0,0,0,0,0,0,0,0,0,0,0,0,0,0,0,0,0
20322,San Pedro Ocopetatillo,,0,0,0,0,0,0,0,0,0,0,0,0,0,0,0,0,0,0,0,0,0,0
20323,San Pedro Ocotepec,,0,0,0,0,0,0,0,0,0,0,0,0,0,0,0,0,0,0,0,0,0,0
20324,San Pedro Pochutla,,0,0,0,5097,494,113,0,0,0,0,0,0,0,26,0,0,0,0,0,0,0,0
20325,San Pedro Quiatoni,,0,0,0,0,0,0,0,0,0,0,0,0,0,7321,0,0,0,9225,8054,7438,8368,6711
20326,San Pedro Sochiápam,,0,0,0,0,0,0,0,0,0,0,0,0,0,0,0,0,0,0,0,0,0,0
20327,San Pedro Tapanatepec,,0,0,0,0,0,0,0,0,0,0,0,0,0,0,0,0,0,0,0,0,0,0
20328,San Pedro Taviche,,0,0,0,0,0,0,0,0,0,0,0,0,0,0,0,0,7,19,5,8,8,0
20329,San Pedro Teozacoalco,,0,0,0,0,0,0,0,0,0,0,0,0,0,0,0,0,0,0,0,0,0,0
20330,San Pedro Teutila,,0,0,0,0,0,0,0,0,0,0,0,0,0,0,0,0,0,0,0,0,0,0
20331,San Pedro Tidaá,,0,0,0,0,0,0,0,0,0,0,0,0,0,0,0,0,0,0,0,0,0,0
20332,San Pedro Topiltepec,,0,0,0,0,0,0,0,0,0,0,0,0,0,0,0,0,0,0,0,0,0,0
20333,San Pedro Totolápam,,0,0,0,0,0,0,0,0,0,972,0,0,0,0,0,902,0,1097,1107,1399,229,225
20334,Villa de Tututepec,,0,0,0,0,0,0,0,0,0,144,0,0,0,0,0,0,0,0,0,0,0,0
20335,San Pedro Yaneri,,15164,0,0,0,0,5800,0,0,0,5372,0,875,0,0,4903,3535,0,8875,7889,6040,4819,8300
20336,San Pedro Yólox,,7675,10826,9676,91378,68781,18627,11923,2192,16856,0,3959,0,0,0,7385,0,0,17193,15651,16115,14017,20007
20337,San Pedro y San Pablo Ayutla,,0,0,0,0,0,0,0,0,0,0,0,0,1963,1130,0,0,0,0,8976,0,0,0
20338,Villa de Etla,,0,0,0,0,0,0,0,0,0,0,0,0,0,0,0,0,0,0,0,0,0,0
20339,San Pedro y San Pablo Teposcolula,,0,0,0,0,0,0,0,0,0,0,0,0,0,0,0,0,0,0,0,0,0,0
20340,San Pedro y San Pablo Tequixtepec,,0,0,0,0,0,0,0,0,0,0,0,0,0,0,0,0,0,0,0,0,0,0
20341,San Pedro Yucunama,,0,0,0,0,0,0,0,0,0,0,0,0,0,0,0,0,0,0,0,0,0,0
20342,San Raymundo Jalpan,,0,0,0,0,0,0,0,0,0,0,0,0,0,0,0,0,0,0,0,0,0,0
20343,San Sebastián Abasolo,,0,0,0,0,0,0,0,0,0,0,0,0,0,0,0,0,0,0,0,0,0,0
20344,San Sebastián Coatlán,,0,17653,0,20614,8523,0,0,0,0,0,0,0,0,0,0,440,0,0,5786,6016,8526,5756
20345,San Sebastián Ixcapa,,0,0,0,0,0,0,0,0,0,0,0,0,0,0,0,0,0,0,0,0,0,0
20346,San Sebastián Nicananduta,,0,0,0,0,0,0,0,0,0,0,0,0,0,0,0,0,0,0,0,0,0,0
20347,San Sebastián Río Hondo,,3377,4281,4964,20110,8515,12102,2172,2818,8480,380,2283,1465,1570,1321,3145,6792,3310,7368,8911,8412,6703,11599
20348,San Sebastián Tecomaxtlahuaca,,0,0,0,0,0,0,0,0,0,0,0,103,0,51,0,0,0,0,0,37,0,0
20349,San Sebastián Teitipac,,0,0,0,0,0,0,0,0,0,0,0,0,0,0,0,0,0,0,0,0,0,0
20350,San Sebastián Tutla,,0,0,0,0,0,0,0,0,0,0,0,0,0,0,0,0,0,0,0,0,0,0
20351,San Simón Almolongas,,0,0,0,0,0,0,0,0,0,0,0,0,0,0,0,0,0,0,0,0,0,0
20352,San Simón Zahuatlán,,0,0,0,0,0,0,0,0,0,0,0,0,0,0,0,0,0,0,0,0,0,0
20353,Santa Ana,,0,0,0,0,0,0,0,0,0,0,0,0,0,0,0,0,0,0,0,0,0,0
20354,Santa Ana Ateixtlahuaca,,0,0,0,0,0,0,0,0,0,0,0,0,0,0,0,0,0,0,0,0,0,0
20355,Santa Ana Cuauhtémoc,,0,0,0,0,0,0,0,0,0,0,0,0,0,0,0,0,0,0,0,3257,0,0
20356,Santa Ana del Valle,,0,0,0,0,0,0,0,0,0,0,0,0,0,0,0,0,0,0,0,0,0,0
20357,Santa Ana Tavela,,0,0,0,0,0,3061,0,3061,0,0,0,0,0,0,0,0,0,0,0,0,0,0
20358,Santa Ana Tlapacoyan,,0,0,0,0,0,0,0,0,0,0,0,0,0,0,0,0,0,0,0,0,0,0
20359,Santa Ana Yareni,,0,0,0,0,0,0,0,0,0,0,0,0,0,0,0,0,0,0,0,0,0,0
20360,Santa Ana Zegache,,0,0,0,0,0,0,0,0,0,0,0,0,0,0,0,0,0,0,0,0,0,0
20361,Santa Catalina Quierí,,0,0,0,0,0,24045,0,0,0,0,12872,1678,0,0,0,4536,0,3597,5853,4023,3913,7972
20362,Santa Catarina Cuixtla,,0,0,0,0,0,0,0,0,0,0,0,0,0,0,0,0,0,0,0,0,0,0
20363,Santa Catarina Ixtepeji,,17436,18563,19914,22590,25565,7840,4032,20207,0,0,0,2774,3124,971,10104,2543,4765,22617,22748,18752,21730,16874
20364,Santa Catarina Juquila,,0,0,0,11766,1185,0,0,0,0,0,0,0,0,0,0,0,0,0,0,0,0,0
20365,Santa Catarina Lachatao,,0,46525,41863,22820,21207,0,7859,0,0,0,0,216301,35972,24136,0,ND,ND,ND,0,ND,ND,ND
20366,Santa Catarina Loxicha,,0,0,0,0,0,0,0,0,0,0,0,0,0,0,0,0,0,0,0,0,0,0
20367,Santa Catarina Mechoacán,,0,0,0,0,0,0,0,0,0,0,0,0,0,0,0,0,0,0,0,0,0,0
20368,Santa Catarina Minas,,0,0,0,0,0,0,0,0,0,0,0,0,0,0,0,0,0,0,0,0,0,0
20369,Santa Catarina Quiané,,0,0,0,0,0,0,0,0,0,0,0,0,0,0,0,0,0,0,0,0,0,0
20370,Santa Catarina Tayata,,0,0,0,0,0,0,0,0,0,0,0,0,0,0,0,0,0,0,0,0,0,70
20371,Santa Catarina Ticuá,,0,0,0,0,0,0,0,0,0,0,0,0,0,0,0,0,0,0,0,0,0,2751
20372,Santa Catarina Yosonotú,,0,0,0,0,0,0,2139,2317,0,0,0,0,0,0,0,0,0,0,0,0,0,0
20373,Santa Catarina Zapoquila,,0,0,0,0,0,0,0,0,0,0,0,0,0,0,0,0,0,0,0,0,0,0
20374,Santa Cruz Acatepec,,0,0,0,0,0,0,0,0,0,0,0,0,0,0,0,0,0,0,0,0,0,0
20375,Santa Cruz Amilpas,,0,0,0,0,0,0,0,0,0,0,0,0,0,0,0,0,0,0,0,0,0,0
20376,Santa Cruz de Bravo,,0,0,0,0,0,0,0,0,0,0,0,0,0,0,0,0,0,0,0,0,0,0
20377,Santa Cruz Itundujia,,46642,28462,84761,37211,109225,0,0,0,0,0,0,0,10280,0,0,2436,0,63801,7721,56505,134991,131085
20378,Santa Cruz Mixtepec,,0,0,0,792,3621,0,0,0,0,979,0,0,1177,0,855,0,0,0,0,0,0,0
20379,Santa Cruz Nundaco,,0,0,0,0,0,0,0,0,0,0,0,0,0,0,0,47,0,0,0,0,0,0
20380,Santa Cruz Papalutla,,0,0,0,0,0,0,0,0,0,0,0,0,0,0,0,0,0,0,0,0,0,0
20381,Santa Cruz Tacache de Mina,,0,0,0,0,0,0,0,0,0,0,0,0,0,0,0,0,0,0,0,0,0,0
20382,Santa Cruz Tacahua,,0,0,0,0,0,0,0,0,0,0,0,0,0,0,0,0,0,0,0,0,0,0
20383,Santa Cruz Tayata,,0,0,0,0,0,0,0,0,0,0,0,0,0,0,0,0,0,0,0,0,0,0
20384,Santa Cruz Xitla,,0,0,0,0,0,0,0,0,0,0,0,0,0,0,0,0,0,0,0,0,0,0
20385,Santa Cruz Xoxocotlán,,0,0,0,0,0,0,0,0,0,0,0,0,0,0,0,0,0,0,0,0,0,0
20386,Santa Cruz Zenzontepec,,0,39891,21896,21642,0,13555,11591,0,13031,19522,6898,0,0,0,0,0,0,0,0,25664,0,0
20387,Santa Gertrudis,,0,0,0,0,0,0,0,0,0,0,0,0,0,0,0,0,0,0,0,0,0,0
20388,Santa Inés del Monte,,0,0,708,0,0,0,0,0,0,0,0,0,0,0,0,0,0,0,0,0,0,0
20389,Santa Inés Yatzeche,,0,0,0,0,0,0,0,0,0,0,0,0,0,0,0,0,0,0,0,0,0,0
20390,Santa Lucía del Camino,,0,0,0,0,0,0,0,0,0,0,0,0,0,0,0,0,0,0,0,0,0,0
20391,Santa Lucía Miahuatlán,,0,0,0,1580,78,78,78,0,0,2355,0,1277,923,0,0,2127,0,2307,2655,1915,1875,2174
20392,Santa Lucía Monteverde,,0,0,0,0,0,0,0,0,0,0,0,0,0,0,0,0,0,0,0,0,0,0
20393,Santa Lucía Ocotlán,,0,0,0,0,0,0,0,0,0,0,0,0,0,0,0,0,0,0,0,0,0,0
20394,Santa María Alotepec,,0,0,0,0,0,0,0,0,0,0,0,0,0,0,0,0,0,0,0,0,0,0
20395,Santa María Apazco,,0,0,0,0,0,0,0,0,0,0,0,0,0,0,0,0,0,0,0,0,0,0
20396,Santa María la Asunción,,0,0,0,0,0,0,0,0,0,0,0,0,0,0,0,0,0,0,0,0,0,0
20397,Heroica Ciudad de Tlaxiaco,,13060,64359,6621,14018,3642,4680,345,0,3277,0,0,4555,8806,0,9505,1060,334,3209,3160,11209,5127,2062
20398,Ayoquezco de Aldama,,0,0,0,0,0,0,0,0,0,0,0,0,0,0,0,0,0,0,0,21,0,0
20399,Santa María Atzompa,,0,0,0,0,0,0,0,0,0,0,0,0,0,0,0,0,0,0,0,0,0,0
20400,Santa María Camotlán,,0,0,0,0,0,0,0,0,0,0,0,0,0,0,0,0,0,0,0,0,0,0
20401,Santa María Colotepec,,0,0,0,0,0,0,0,0,0,0,0,0,0,0,0,0,0,0,0,0,0,0
20402,Santa María Cortijo,,0,0,0,0,0,0,0,0,0,0,0,0,0,0,0,0,0,0,0,0,0,0
20403,Santa María Coyotepec,,0,0,0,0,0,0,0,0,0,0,0,0,0,0,0,0,0,0,0,0,0,0
20404,Santa María Chachoápam,,0,0,0,0,0,0,0,0,0,0,0,0,0,0,0,0,0,0,0,0,0,0
20405,Villa de Chilapa de Díaz,,0,0,0,0,0,0,0,0,0,0,0,0,0,0,0,0,0,0,0,0,0,0
20406,Santa María Chilchotla,,0,0,0,0,0,0,0,0,0,0,0,0,0,0,0,0,372,372,372,372,372,372
20407,Santa María Chimalapa,,15295,7775,3196,2519,47839,36087,4916,2174,17114,1318,4172,0,0,0,5855,0,0,4575,4208,3770,3433,3285
20408,Santa María del Rosario,,0,0,0,0,0,0,0,0,0,0,0,0,0,0,0,0,0,0,0,0,0,0
20409,Santa María del Tule,,0,0,0,0,0,0,0,0,0,0,0,0,0,0,0,0,0,0,0,0,0,0
20410,Santa María Ecatepec,,0,0,0,0,0,0,0,4563,11510,0,0,11171,827,2982,492,4356,19946,36177,26314,9014,11144,11349
20411,Santa María Guelacé,,0,0,0,0,0,0,0,0,0,0,0,0,0,0,0,0,0,0,0,0,0,0
20412,Santa María Guienagati,,0,0,0,0,0,0,0,0,0,0,0,0,0,0,0,0,0,0,0,0,0,0
20413,Santa María Huatulco,,0,0,0,0,0,0,0,0,0,0,0,0,0,0,0,0,0,0,0,0,0,0
20414,Santa María Huazolotitlán,,0,0,0,0,0,0,0,0,361,0,0,0,0,0,772,0,0,1106,0,922,0,1163
20415,Santa María Ipalapa,,3663,4354,6723,6722,0,0,4556,6308,1178,0,0,0,0,0,0,0,1604,1721,1470,2331,1093,2107
20416,Santa María Ixcatlán,,0,0,0,0,0,0,0,0,0,0,0,0,0,0,0,0,0,0,0,0,0,0
20417,Santa María Jacatepec,,0,0,0,0,0,284,15110,11086,5444,13347,12053,7404,11415,2620,4674,3120,0,0,0,0,0,0
20418,Santa María Jalapa del Marqués,,0,0,0,0,0,0,0,0,0,0,0,0,0,0,0,0,0,0,0,0,0,0
20419,Santa María Jaltianguis,,2888,2853,0,0,0,3437,2121,0,0,0,0,0,7177,107,0,0,0,5508,6990,7902,6703,6212
20420,Santa María Lachixío,,0,0,0,0,17284,0,31422,0,0,0,26474,0,0,0,0,0,14036,13130,17724,16858,17270,17724
20421,Santa María Mixtequilla,,0,0,0,0,0,0,0,0,0,0,0,0,0,0,0,0,0,0,0,0,0,0
20422,Santa María Nativitas,,0,0,0,0,0,0,0,0,0,0,0,0,0,0,0,0,0,0,0,0,0,0
20423,Santa María Nduayaco,,0,0,0,0,0,0,0,0,0,0,0,0,0,0,0,0,0,0,0,0,0,0
20424,Santa María Ozolotepec,,16055,15743,19687,16577,9801,7315,2156,8882,8205,4133,3984,3506,4189,3085,4229,4865,5580,8264,9283,6142,13275,15904
20425,Santa María Pápalo,,0,0,0,0,0,32413,19921,12721,0,7642,0,0,0,0,0,1151,7660,10288,6159,5365,5092,4736
20426,Santa María Peñoles,,0,0,0,0,0,0,0,0,0,0,0,430,619,371,10069,0,0,0,0,0,0,0
20427,Santa María Petapa,,0,0,0,0,0,0,0,0,0,0,0,0,0,0,0,0,0,0,0,0,0,0
20428,Santa María Quiegolani,,0,0,0,0,0,0,0,0,0,0,0,0,0,0,0,0,0,0,0,0,0,0
20429,Santa María Sola,,0,0,0,0,0,0,0,0,0,0,0,0,0,0,0,0,3037,0,3289,0,2553,0
20430,Santa María Tataltepec,,0,0,0,0,0,0,0,0,0,0,0,0,0,0,0,0,0,0,0,0,0,0
20431,Santa María Tecomavaca,,0,0,0,0,0,0,0,0,0,0,0,0,0,0,0,0,0,0,0,0,0,0
20432,Santa María Temaxcalapa,,0,0,0,0,0,0,0,0,0,0,0,0,0,0,0,0,0,0,0,0,0,0
20433,Santa María Temaxcaltepec,,0,0,0,0,0,0,0,0,0,0,0,0,0,0,0,0,0,0,0,0,0,0
20434,Santa María Teopoxco,,0,0,0,0,0,0,0,0,0,0,0,0,0,0,0,0,0,0,0,0,0,0
20435,Santa María Tepantlali,,0,0,0,0,0,0,0,0,0,0,0,0,0,0,0,0,0,0,0,0,406,0
20436,Santa María Texcatitlán,,0,0,0,0,0,0,0,0,0,0,0,0,0,0,0,0,0,0,0,0,0,0
20437,Santa María Tlahuitoltepec,,0,0,0,0,0,0,0,0,0,0,0,0,0,0,0,0,587,0,357,395,592,1205
20438,Santa María Tlalixtac,,0,0,0,0,0,0,0,0,0,0,0,0,0,0,0,0,0,0,0,0,0,0
20439,Santa María Tonameca,,0,0,0,0,0,0,0,0,0,0,0,0,0,0,0,0,0,0,0,0,0,0
20440,Santa María Totolapilla,,0,0,0,0,0,0,0,0,0,0,0,0,0,0,0,0,0,0,0,0,0,0
20441,Santa María Xadani,,0,0,0,0,0,0,0,0,0,0,0,0,0,0,0,0,0,0,0,0,0,0
20442,Santa María Yalina,,0,64,13135,12617,0,0,0,0,0,0,0,0,0,0,0,411,8543,6230,5544,4622,5646,5736
20443,Santa María Yavesía,,0,0,0,0,21206,0,7860,0,0,0,0,0,35972,24136,0,ND,ND,ND,0,ND,ND,ND
20444,Santa María Yolotepec,,0,0,0,0,0,0,0,0,0,0,0,0,0,0,0,0,0,0,0,0,0,0
20445,Santa María Yosoyúa,,0,0,0,0,0,0,0,0,0,0,0,0,0,0,0,2191,0,2284,2130,2297,2383,1828
20446,Santa María Yucuhiti,,0,0,0,0,0,0,0,0,0,0,0,0,0,0,0,0,0,0,0,0,0,0
20447,Santa María Zacatepec,,0,0,0,0,15974,0,24255,0,0,0,0,0,0,11368,5298,0,5456,5702,4840,5848,4543,5653
20448,Santa María Zaniza,,19752,1874,10466,11729,5524,0,2161,0,480,0,0,0,0,0,0,10324,0,9453,9360,10726,9833,10589
20449,Santa María Zoquitlán,,0,0,0,0,0,0,0,0,0,0,0,0,0,0,0,0,0,0,0,0,0,0
20450,Santiago Amoltepec,,0,0,0,0,0,0,0,0,0,0,0,0,0,0,0,0,0,0,0,0,0,0
20451,Santiago Apoala,,0,0,0,0,0,0,0,0,0,0,0,0,0,0,0,0,0,0,0,0,0,0
20452,Santiago Apóstol,,0,0,0,0,0,0,0,0,0,0,0,0,0,0,0,0,0,0,0,0,0,0
20453,Santiago Astata,,0,0,0,0,0,0,0,0,0,0,0,0,0,0,0,0,0,0,0,0,0,0
20454,Santiago Atitlán,,0,0,0,0,0,0,0,0,0,0,0,0,0,0,0,0,0,0,0,0,0,0
20455,Santiago Ayuquililla,,0,0,0,0,0,0,0,0,0,0,0,0,0,0,0,0,0,0,0,0,0,0
20456,Santiago Cacaloxtepec,,0,0,0,0,0,0,0,0,0,0,0,0,0,0,0,0,0,0,0,0,0,0
20457,Santiago Camotlán,,0,0,0,0,0,0,0,0,0,0,0,0,0,0,0,0,0,0,0,0,0,0
20458,Santiago Comaltepec,,12800,10771,23127,9008,4000,4417,0,0,0,0,0,0,0,0,0,0,0,4675,3726,0,0,34545
20459,Santiago Chazumba,,0,0,0,0,0,0,0,0,1,0,0,0,0,0,0,0,0,0,0,0,0,0
20460,Santiago Choápam,,0,99,0,0,0,0,0,2724,1100,0,3945,0,2612,2577,4678,506,0,2662,0,0,0,772
20461,Santiago del Río,,0,0,0,0,0,0,0,0,0,0,0,0,0,0,0,0,0,0,0,0,0,0
20462,Santiago Huajolotitlán,,0,0,0,0,0,0,0,0,0,0,0,0,0,0,0,0,0,0,0,0,0,0
20463,Santiago Huauclilla,,0,0,0,0,0,0,0,0,0,0,0,0,0,0,0,0,0,0,2206,1503,1503,1554
20464,Santiago Ihuitlán Plumas,,0,0,0,0,0,0,0,0,0,0,0,0,0,0,0,0,0,0,0,0,0,0
20465,Santiago Ixcuintepec,,0,0,0,0,0,0,0,0,0,0,0,0,0,0,0,0,0,0,0,0,0,0
20466,Santiago Ixtayutla,,0,15059,13456,39252,10874,3390,6567,2302,0,0,0,0,0,0,0,0,0,2397,2780,1674,2818,1604
20467,Santiago Jamiltepec,,3556,18352,17478,15367,0,5475,3236,5491,0,0,0,2043,0,1885,1573,0,0,2082,2421,1403,0,0
20468,Santiago Jocotepec,,0,0,0,7887,312,6377,945,3037,8464,0,3941,0,0,84,72,40,0,6228,4020,6200,4020,6335
20469,Santiago Juxtlahuaca,,12556,0,0,0,0,0,2924,0,0,0,0,0,0,0,0,0,0,0,1102,98,0,262
20470,Santiago Lachiguiri,,0,0,0,0,0,0,0,31,179,0,25,26,0,0,536,0,0,0,0,0,0,0
20471,Santiago Lalopa,,0,0,0,0,0,0,0,0,0,0,0,0,0,0,0,0,0,0,0,0,0,0
20472,Santiago Laollaga,,0,0,0,0,0,0,0,0,0,0,0,0,0,0,0,0,0,0,0,0,0,0
20473,Santiago Laxopa,,0,0,0,0,0,0,0,0,15406,0,0,0,123,0,0,1352,165,0,81,11045,13852,11183
20474,Santiago Llano Grande,,0,0,0,0,0,0,0,0,0,0,0,0,0,0,0,0,0,0,0,0,0,0
20475,Santiago Matatlán,,0,0,0,0,0,0,0,0,0,0,0,0,0,0,0,0,0,0,74,0,0,0
20476,Santiago Miltepec,,0,0,0,0,0,0,0,0,0,0,0,0,0,0,0,0,0,0,0,0,0,0
20477,Santiago Minas,,0,7087,0,18688,7131,0,1497,0,0,0,0,0,0,0,0,0,0,0,0,0,0,11202
20478,Santiago Nacaltepec,,0,0,0,0,0,0,0,0,0,0,0,0,0,0,7093,0,0,0,0,0,0,0
20479,Santiago Nejapilla,,0,0,0,0,0,0,0,0,0,0,0,0,0,0,0,0,0,0,0,0,0,0
20480,Santiago Nundiche,,27756,27756,0,0,0,0,0,0,0,0,0,1216,0,0,0,0,0,1442,1246,3840,1093,7606
20481,Santiago Nuyoó,,0,0,0,0,0,0,0,0,0,0,0,0,0,0,0,619,9411,3252,0,0,0,0
20482,Santiago Pinotepa Nacional,,0,0,0,0,0,0,0,0,0,460,4686,0,151,0,0,0,0,0,460,460,460,460
20483,Santiago Suchilquitongo,,0,0,5461,5462,0,0,0,0,0,0,99,0,0,0,541,890,0,4150,0,95,0,0
20484,Santiago Tamazola,,0,0,0,0,0,0,0,0,0,0,0,0,0,0,0,0,0,0,0,0,0,0
20485,Santiago Tapextla,,0,0,0,0,0,0,0,0,0,0,0,0,0,0,0,0,0,0,0,0,0,0
20486,Villa Tejúpam de la Unión,,0,0,0,0,0,0,0,0,0,0,0,0,0,0,0,0,0,0,0,0,0,0
20487,Santiago Tenango,,0,0,0,0,0,0,0,0,0,0,0,0,0,0,0,0,0,0,541,0,0,0
20488,Santiago Tepetlapa,,0,0,0,0,0,0,0,0,0,0,0,0,0,0,0,0,0,0,0,0,0,0
20489,Santiago Tetepec,,11045,6782,16017,2710,19741,0,1621,600,0,0,0,0,0,0,0,0,0,0,0,0,0,0
20490,Santiago Texcalcingo,,0,0,0,0,0,0,0,0,0,0,0,0,0,0,0,0,0,0,0,0,0,0
20491,Santiago Textitlán,,48010,82462,37643,48315,8227,96170,44343,43212,53424,1502,386,631,0,30506,0,0,0,50010,48782,44726,59003,72272
20492,Santiago Tilantongo,,0,0,0,0,0,0,0,0,0,0,0,0,0,0,0,0,0,0,0,0,0,0
20493,Santiago Tillo,,0,0,0,0,0,0,0,0,0,0,0,0,0,0,0,0,0,0,0,0,0,0
20494,Santiago Tlazoyaltepec,,0,0,0,0,0,0,0,0,0,0,0,0,0,0,0,0,0,0,1247,0,0,0
20495,Santiago Xanica,,0,0,0,0,0,0,0,0,0,0,0,0,0,0,0,0,0,0,0,0,0,0
20496,Santiago Xiacuí,,12484,9915,6028,11090,4336,423,12850,1155,8142,3962,0,7441,427,7517,0,0,0,18745,14350,15828,22067,33961
20497,Santiago Yaitepec,,0,0,0,0,0,0,8660,0,0,0,0,0,0,0,0,0,0,0,0,0,0,0
20498,Santiago Yaveo,,0,0,4391,3800,0,0,0,0,0,0,18342,29253,274,40724,16218,11046,6430,6014,0,0,0,0
20499,Santiago Yolomécatl,,0,0,0,0,0,0,0,0,0,0,0,0,0,0,0,0,273,0,0,0,0,0
20500,Santiago Yosondúa,,0,0,0,0,0,0,0,12654,12101,0,0,0,0,0,0,0,10038,12074,14524,8494,22266,14648
20501,Santiago Yucuyachi,,0,0,0,0,0,0,0,0,0,0,0,0,0,0,0,0,0,0,0,0,0,0
20502,Santiago Zacatepec,,0,0,0,0,0,0,0,0,0,0,0,0,2094,0,0,0,0,1221,1278,906,802,1297
20503,Santiago Zoochila,,0,0,0,0,0,0,0,0,0,0,0,0,0,0,0,0,0,0,0,0,0,0
20504,Nuevo Zoquiápam,,13428,5999,0,3092,30442,0,0,0,0,16816,0,18940,974,552,1378,5234,718,15933,16919,16774,878,5715
20505,Santo Domingo Ingenio,,0,0,0,0,0,0,0,0,0,0,0,0,0,0,0,0,0,0,0,0,0,0
20506,Santo Domingo Albarradas,,0,0,0,0,0,10847,0,0,0,516,0,528,0,0,0,0,0,861,557,0,0,0
20507,Santo Domingo Armenta,,0,0,0,0,0,0,0,0,0,0,0,0,0,0,0,0,0,0,0,0,0,0
20508,Santo Domingo Chihuitán,,0,0,0,0,0,0,0,0,0,0,0,0,0,0,0,0,0,0,0,0,0,0
20509,Santo Domingo de Morelos,,0,0,0,0,0,0,0,0,0,0,0,0,0,0,0,0,0,0,0,0,0,0
20510,Santo Domingo Ixcatlán,,0,0,0,0,0,0,0,0,0,0,0,0,0,0,0,0,0,0,0,0,0,0
20511,Santo Domingo Nuxaá,,7599,3431,11930,0,6599,1141,0,1932,0,0,0,0,0,30,0,0,0,0,0,0,0,0
20512,Santo Domingo Ozolotepec,,12182,6167,6540,13603,7637,14200,3256,8662,0,0,0,0,0,0,0,0,0,0,0,0,3611,53233
20513,Santo Domingo Petapa,,0,0,0,0,0,0,0,0,0,0,0,0,0,0,0,0,0,0,0,0,0,0
20514,Santo Domingo Roayaga,,0,0,0,0,0,0,0,0,0,0,0,0,0,0,0,0,0,0,0,0,0,344
20515,Santo Domingo Tehuantepec,,0,0,0,0,0,0,417,5000,0,0,247,0,46,0,0,0,0,0,0,534,295,470
20516,Santo Domingo Teojomulco,,0,0,0,0,0,0,0,0,0,0,0,0,0,0,1460,773,0,0,2278,0,2572,0
20517,Santo Domingo Tepuxtepec,,0,0,0,0,0,0,0,0,0,0,0,0,356,0,0,0,0,0,0,0,113,0
20518,Santo Domingo Tlatayápam,,0,0,0,0,0,0,0,0,0,0,0,0,0,0,0,0,0,0,0,0,0,0
20519,Santo Domingo Tomaltepec,,0,0,0,0,0,0,0,0,0,0,0,0,0,0,0,0,0,0,0,0,0,0
20520,Santo Domingo Tonalá,,0,0,0,0,0,0,0,0,0,0,0,0,0,0,0,0,0,0,0,0,0,0
20521,Santo Domingo Tonaltepec,,0,0,0,0,0,0,0,0,0,0,0,0,0,0,0,0,0,0,0,0,0,0
20522,Santo Domingo Xagacía,,0,0,0,0,0,0,0,0,0,0,0,0,24001,0,0,0,0,0,1830,0,0,1575
20523,Santo Domingo Yanhuitlán,,0,0,0,0,0,0,0,0,0,0,0,0,0,0,0,0,0,0,0,0,0,0
20524,Santo Domingo Yodohino,,0,0,0,0,0,0,0,0,0,0,0,0,0,0,0,0,0,0,0,0,0,0
20525,Santo Domingo Zanatepec,,0,0,0,0,0,0,0,0,0,0,0,0,0,0,0,16,0,0,0,0,0,0
20526,Santos Reyes Nopala,,0,0,0,8832,7208,0,0,0,0,0,0,0,0,0,0,0,0,0,15,7176,40,3189
20527,Santos Reyes Pápalo,,0,0,0,0,18684,0,9341,7171,5072,0,0,0,0,0,0,0,0,0,0,150,423,0
20528,Santos Reyes Tepejillo,,0,0,0,0,0,0,0,0,0,0,0,0,0,0,0,0,0,0,0,0,0,0
20529,Santos Reyes Yucuná,,0,0,0,0,0,0,0,0,0,0,0,0,0,0,0,0,0,0,0,0,0,0
20530,Santo Tomás Jalieza,,0,0,0,0,0,0,0,0,0,0,0,0,0,0,0,0,0,0,0,0,0,0
20531,Santo Tomás Mazaltepec,,0,0,0,0,0,0,0,0,2139,0,0,1172,983,0,0,0,0,0,0,0,0,0
20532,Santo Tomás Ocotepec,,0,0,0,0,0,0,0,0,0,0,0,547,0,0,2766,34897,32350,0,5896,0,0,0
20533,Santo Tomás Tamazulapan,,2294,0,0,0,0,0,0,0,0,0,0,0,0,0,0,0,0,0,858,18222,0,11943
20534,San Vicente Coatlán,,0,0,0,0,0,0,0,0,0,0,0,0,0,0,0,0,0,0,0,0,0,0
20535,San Vicente Lachixío,,0,0,0,0,0,19726,0,0,0,0,0,1255,0,0,885,0,37070,14347,20136,13732,10939,13195
20536,San Vicente Nuñú,,0,0,0,0,0,0,0,0,0,0,0,0,0,0,0,0,0,0,0,0,0,0
20537,Silacayoápam,,0,0,0,0,0,0,0,0,0,0,0,0,0,0,0,0,0,0,0,0,245,0
20538,Sitio de Xitlapehua,,0,0,0,0,0,0,0,0,0,0,0,0,0,0,0,0,0,0,0,0,0,0
20539,Soledad Etla,,0,0,0,0,0,0,0,0,0,0,0,0,0,0,0,0,0,0,0,0,0,0
20540,Villa de Tamazulápam del Progreso,,0,0,0,0,0,0,0,0,0,0,0,0,0,0,0,0,0,0,0,0,0,0
20541,Tanetze de Zaragoza,,0,0,0,0,0,0,0,0,0,0,0,0,0,0,0,0,2109,0,0,0,0,0
20542,Taniche,,0,0,0,0,0,0,0,0,0,0,0,0,0,0,0,0,0,0,0,0,0,0
20543,Tataltepec de Valdés,,0,13280,5582,0,9466,0,0,0,6887,9117,0,0,0,0,0,0,0,0,0,0,0,0
20544,Teococuilco de Marcos Pérez,,27366,29942,32882,31577,29175,11258,0,21719,19759,20996,0,0,928,18147,19904,0,1367,14294,13040,12579,13705,12676
20545,Teotitlán de Flores Magón,,0,0,0,0,0,0,0,0,0,0,0,0,0,0,0,0,0,0,0,0,0,0
20546,Teotitlán del Valle,,0,0,0,0,0,0,0,0,0,0,0,0,0,0,4610,16173,705,0,0,0,445,0
20547,Teotongo,,0,0,0,0,0,0,0,0,0,0,0,0,0,0,0,0,0,0,0,0,0,0
20548,Tepelmeme Villa de Morelos,,0,0,0,0,0,0,0,0,0,0,0,0,0,0,0,0,0,0,0,0,0,0
20549,"Heroica Villa Tezoatlán de Segura y Luna, Cuna de la Independencia de Oaxaca",,0,0,0,0,0,0,0,0,0,0,0,0,0,0,0,0,0,0,0,0,16188,0
20550,San Jerónimo Tlacochahuaya,,0,0,0,0,0,0,0,0,0,0,0,0,0,0,0,0,0,0,0,0,0,0
20551,Tlacolula de Matamoros,,0,0,0,0,0,0,0,0,0,0,0,0,0,0,0,0,0,0,0,0,0,0
20552,Tlacotepec Plumas,,0,0,0,0,0,0,0,0,0,0,0,0,0,0,0,0,0,0,0,0,0,0
20553,Tlalixtac de Cabrera,,0,0,0,0,0,0,0,0,0,0,0,0,34,0,225,0,0,57,47,29,47,32
20554,Totontepec Villa de Morelos,,0,0,0,0,0,0,0,0,0,0,0,0,0,0,0,0,0,0,0,0,0,90
20555,Trinidad Zaachila,,0,0,0,0,0,0,0,0,0,0,0,0,0,0,0,0,0,0,0,0,0,0
20556,La Trinidad Vista Hermosa,,0,0,0,0,0,0,0,0,0,0,0,0,0,0,0,0,0,0,0,0,0,0
20557,Unión Hidalgo,,0,0,0,0,0,0,0,0,0,0,0,0,0,0,0,0,0,0,0,0,0,0
20558,Valerio Trujano,,0,0,0,0,0,0,0,0,0,0,0,0,0,0,0,0,0,0,0,0,0,0
20559,San Juan Bautista Valle Nacional,,0,0,0,261,0,0,3173,1840,550,6723,2692,1168,3466,2957,640,1190,350,1555,0,1575,0,1555
20560,Villa Díaz Ordaz,,14407,6971,9986,0,0,0,42240,0,1850,8814,0,9118,8292,9035,13478,8295,17405,20351,23701,13268,15916,36835
20561,Yaxe,,0,0,0,0,0,0,0,0,0,0,0,0,0,0,0,0,0,0,0,0,0,0
20562,Magdalena Yodocono de Porfirio Díaz,,0,0,0,0,0,0,0,0,0,0,0,0,0,0,0,0,0,0,0,0,0,0
20563,Yogana,,0,0,0,0,0,0,0,0,0,0,0,0,0,0,0,0,0,0,0,0,0,0
20564,Yutanduchi de Guerrero,,0,0,0,0,0,0,0,0,0,0,0,0,0,0,0,0,0,0,0,0,0,0
20565,Villa de Zaachila,,0,0,0,0,0,0,0,0,0,0,0,0,0,0,0,0,0,0,0,0,0,0
20566,San Mateo Yucutindoo,,0,0,0,0,0,0,0,0,0,0,0,0,0,0,0,0,0,0,0,0,0,0
20567,Zapotitlán Lagunas,,0,0,0,0,0,0,0,0,0,0,0,0,0,0,0,0,0,0,0,0,0,0
20568,Zapotitlán Palmas,,0,0,0,0,0,0,0,0,0,0,0,0,0,0,0,0,0,0,0,0,0,0
20569,Santa Inés de Zaragoza,,0,0,0,0,0,0,0,0,0,0,0,0,0,0,0,0,0,0,0,0,0,0
20570,Zimatlán de Álvarez,,96470,75421,66038,26914,32649,128526,35010,130381,62751,52499,3851,59298,373,0,3721,2895,10820,91739,65427,60178,54379,113508
20901,Silacayoapam,,,,,,,,,,,,,,,,,,,,,,,
20902,Huajuapam,,,,,,,,,,,,,,,,,,,,,,,
20903,Coixtlahuaca,,,,,,,,,,,,,,,,,,,,,,,
20904,Teotitlán,,,,,,,,,,,,,,,,,,,,,,,
20905,Cuicatlán,,,,,,,,,,,,,,,,,,,,,,,
20906,Tuxtepec,,,,,,,,,,,,,,,,,,,,,,,
20907,Choapam,,,,,,,,,,,,,,,,,,,,,,,
20908,Juxtlahuaca,,,,,,,,,,,,,,,,,,,,,,,
20909,Teposcolula,,,,,,,,,,,,,,,,,,,,,,,
20910,Nochixtlán,,,,,,,,,,,,,,,,,,,,,,,
20911,Etla,,,,,,,,,,,,,,,,,,,,,,,
20912,Benemerito Distrito de Ixtlán de Juárez,,,,,,,,,,,,,,,,,,,,,,,
20913,Villa Alta,,,,,,,,,,,,,,,,,,,,,,,
20914,Mixe,,,,,,,,,,,,,,,,,,,,,,,
20915,Putla,,,,,,,,,,,,,,,,,,,,,,,
20916,Tlaxiaco,,,,,,,,,,,,,,,,,,,,,,,
20917,Zaachila,,,,,,,,,,,,,,,,,,,,,,,
20918,Zimatlán,,,,,,,,,,,,,,,,,,,,,,,
20919,Centro,,,,,,,,,,,,,,,,,,,,,,,
20920,Tlacolula,,,,,,,,,,,,,,,,,,,,,,,
20921,Jamiltepec,,,,,,,,,,,,,,,,,,,,,,,
20922,Juquila,,,,,,,,,,,,,,,,,,,,,,,
20923,Sola de Vega,,,,,,,,,,,,,,,,,,,,,,,
20924,Ejutla,,,,,,,,,,,,,,,,,,,,,,,
20925,Ocotlán,,,,,,,,,,,,,,,,,,,,,,,
20926,Miahuatlán,,,,,,,,,,,,,,,,,,,,,,,
20927,Yautepec,,,,,,,,,,,,,,,,,,,,,,,
20928,Tehuantepec,,,,,,,,,,,,,,,,,,,,,,,
20929,Juchitán,,,,,,,,,,,,,,,,,,,,,,,
20930,Pochutla,,,,,,,,,,,,,,,,,,,,,,,
20995,Resto de los municipios,,,,,,,,,,,,,,,,,,,,,,,
20996,No especificado,,,,,,,,,,,,,,,,,0,,0,0,,0,
20997,Otros estados,,,,,,,,,,,,,,,,,,,0,0,,0,
20999,No identificado,,,,,,,,,,,,,,,,,,,,,,,
