CVEGEO,Nombre,VPM_1994,VPM_1995,VPM_1996,VPM_1997,VPM_1998,VPM_1999,VPM_2000,VPM_2001,VPM_2002,VPM_2003,VPM_2004,VPM_2005,VPM_2006,VPM_2007,VPM_2008,VPM_2009,VPM_2010,VPM_2011,VPM_2012,VPM_2013,VPM_2014,VPM_2015,VPM_2016
20001,Abejones,,0,406,37,0,0,0,0,0,0,0,0,0,0,0,0,0,0,0,0,0,0,0
20002,Acatlán de Pérez Figueroa,,0,0,0,0,0,0,20,0,0,0,0,0,0,0,0,0,0,0,0,0,0,0
20003,Asunción Cacalotepec,,0,0,0,0,0,0,0,0,0,0,0,0,0,0,0,0,0,0,0,0,0,0
20004,Asunción Cuyotepeji,,0,0,0,0,0,0,0,0,0,0,0,0,0,0,0,0,0,0,0,0,0,0
20005,Asunción Ixtaltepec,,0,0,0,0,0,0,0,0,0,0,0,0,0,0,0,0,0,0,0,0,0,0
20006,Asunción Nochixtlán,,0,0,0,0,0,0,0,0,0,0,0,0,0,0,0,0,0,0,0,0,0,0
20007,Asunción Ocotlán,,0,0,0,0,0,0,0,0,0,0,0,0,0,0,0,0,0,0,0,0,0,0
20008,Asunción Tlacolulita,,0,0,0,0,0,0,0,0,0,0,0,0,0,0,0,0,0,0,0,0,0,0
20009,Ayotzintepec,,0,0,0,0,0,0,0,0,0,0,0,0,0,0,0,0,0,0,0,0,0,0
20010,El Barrio de la Soledad,,0,0,0,0,0,0,0,0,0,0,0,0,0,0,0,0,0,0,0,0,0,0
20011,Calihualá,,0,0,0,0,0,0,0,0,0,0,0,0,0,0,0,0,0,0,0,0,0,0
20012,Candelaria Loxicha,,96,445,17,1410,636,0,0,0,124,97,0,0,0,330,0,0,0,0,0,0,533,0
20013,Ciénega de Zimatlán,,0,0,0,0,0,0,0,0,0,0,0,0,0,0,0,0,0,0,0,0,0,0
20014,Ciudad Ixtepec,,0,0,0,0,0,0,0,0,0,0,0,0,0,0,0,0,0,0,0,0,0,0
20015,Coatecas Altas,,0,0,0,0,0,0,0,0,0,0,0,0,0,0,0,0,0,0,0,0,0,0
20016,Coicoyán de las Flores,,0,0,0,0,0,0,0,0,0,0,0,0,0,0,0,0,0,0,0,0,0,0
20017,La Compañía,,0,0,0,0,0,0,0,0,0,0,0,0,0,0,0,0,0,0,0,0,0,0
20018,Concepción Buenavista,,0,0,0,0,0,0,0,0,0,0,0,0,0,0,0,0,0,0,0,0,0,0
20019,Concepción Pápalo,,0,144,387,2498,23416,16665,33468,24347,3559,2219,0,0,0,49,682,0,910,940,3977,3227,6971,1280
20020,Constancia del Rosario,,0,0,0,0,0,0,0,0,0,0,0,0,0,0,0,0,0,0,0,0,0,0
20021,Cosolapa,,0,0,0,0,0,0,0,0,0,0,0,0,0,0,0,0,0,0,0,0,0,0
20022,Cosoltepec,,0,0,0,0,0,0,0,0,0,0,0,0,0,0,0,0,0,0,0,0,0,0
20023,Cuilápam de Guerrero,,0,0,0,0,0,0,0,0,0,0,0,0,0,0,0,0,0,0,0,0,0,0
20024,Cuyamecalco Villa de Zaragoza,,0,0,0,0,0,0,0,0,0,0,0,0,0,0,0,0,0,0,0,0,258,0
20025,Chahuites,,0,0,0,0,0,0,0,0,0,0,0,0,0,0,0,0,0,0,0,0,0,0
20026,Chalcatongo de Hidalgo,,0,0,0,0,0,0,0,0,0,0,0,0,0,0,0,0,0,0,0,0,0,0
20027,Chiquihuitlán de Benito Juárez,,0,0,0,0,0,0,0,0,0,0,0,0,0,0,0,0,0,0,0,0,0,0
20028,Heroica Ciudad de Ejutla de Crespo,,0,0,0,0,0,0,0,0,0,0,0,0,0,0,0,0,0,0,0,0,0,0
20029,Eloxochitlán de Flores Magón,,0,0,0,0,0,0,0,0,0,0,0,0,0,0,0,0,0,0,0,0,0,0
20030,El Espinal,,0,0,0,0,0,0,0,0,0,0,0,0,0,0,0,0,0,0,0,0,0,0
20031,Tamazulápam del Espíritu Santo,,0,0,0,0,0,0,0,0,0,0,0,0,0,0,0,0,0,0,0,0,0,0
20032,Fresnillo de Trujano,,0,0,0,0,0,0,0,0,0,0,0,0,0,0,0,0,0,0,0,0,0,0
20033,Guadalupe Etla,,0,0,0,0,0,0,0,0,0,0,0,0,0,0,0,0,0,0,0,0,0,0
20034,Guadalupe de Ramírez,,0,0,0,0,0,0,0,0,0,0,0,0,0,0,0,0,0,0,0,0,0,0
20035,Guelatao de Juárez,,0,0,0,0,0,0,0,0,0,0,0,0,0,0,0,0,0,0,0,0,0,0
20036,Guevea de Humboldt,,0,0,0,0,0,23,0,0,0,8,0,0,0,0,0,0,0,0,0,0,0,0
20037,Mesones Hidalgo,,0,0,0,0,0,0,0,0,0,0,0,0,0,0,0,0,0,0,0,0,0,0
20038,Villa Hidalgo,,0,0,0,0,0,0,0,0,0,0,0,0,0,0,0,0,0,0,0,0,0,0
20039,Heroica Ciudad de Huajuapan de León,,0,0,0,0,0,0,0,0,0,0,0,0,0,0,0,0,0,0,0,0,0,0
20040,Huautepec,,0,0,0,0,0,0,0,0,0,0,0,0,0,0,0,0,0,0,0,0,0,0
20041,Huautla de Jiménez,,0,0,0,0,0,0,0,0,0,0,0,0,0,0,0,0,0,0,0,0,0,0
20042,Ixtlán de Juárez,,6576,11165,7364,6195,17748,17227,14825,11044,13744,23790,1036,7733,15374,20050,23857,23120,15252,24795,14043,20642,43310,55744
20043,Heroica Ciudad de Juchitán de Zaragoza,,0,0,0,0,0,0,0,0,0,0,0,0,0,0,0,7157,0,0,0,0,0,0
20044,Loma Bonita,,0,0,0,0,0,0,0,45,0,0,120,0,0,0,0,0,0,0,0,0,0,0
20045,Magdalena Apasco,,0,0,0,0,0,0,0,0,0,0,0,0,0,0,0,0,0,0,0,0,0,0
20046,Magdalena Jaltepec,,0,0,0,0,0,0,0,0,0,0,0,0,0,0,0,0,0,0,0,0,0,0
20047,Santa Magdalena Jicotlán,,0,0,0,0,0,0,0,0,0,0,0,0,0,0,0,0,0,0,0,0,0,0
20048,Magdalena Mixtepec,,209,0,0,53,413,1565,1214,0,0,0,0,0,0,0,0,0,0,0,0,0,0,882
20049,Magdalena Ocotlán,,0,0,0,0,0,0,0,0,0,0,0,0,0,0,0,0,0,0,0,0,0,0
20050,Magdalena Peñasco,,0,0,0,0,0,0,0,0,0,0,0,0,0,0,0,0,0,0,0,0,0,0
20051,Magdalena Teitipac,,0,0,0,0,0,0,0,0,0,0,0,0,0,0,0,0,0,0,0,0,0,0
20052,Magdalena Tequisistlán,,0,0,0,0,0,0,0,0,0,0,0,0,57,0,0,0,0,0,0,0,0,0
20053,Magdalena Tlacotepec,,0,0,0,0,0,0,0,0,0,0,0,0,0,0,0,0,0,0,0,0,0,0
20054,Magdalena Zahuatlán,,0,0,0,0,0,0,0,0,0,0,0,0,0,0,0,0,0,0,0,0,0,0
20055,Mariscala de Juárez,,0,0,0,0,0,0,0,0,0,0,0,0,0,0,0,0,0,0,0,0,0,0
20056,Mártires de Tacubaya,,0,0,0,0,0,0,0,0,0,0,0,0,0,0,0,0,0,0,0,0,0,0
20057,Matías Romero Avendaño,,3084,4307,2804,12722,313,35,16,169,0,0,0,0,0,29,0,0,0,0,630,0,0,0
20058,Mazatlán Villa de Flores,,0,0,0,0,0,0,0,0,0,0,0,0,0,0,0,0,0,0,0,0,0,0
20059,Miahuatlán de Porfirio Díaz,,0,0,0,0,0,0,0,0,0,0,0,0,0,0,0,0,0,0,0,0,0,0
20060,Mixistlán de la Reforma,,0,0,0,0,0,0,0,0,2378,0,0,0,0,0,0,0,0,0,0,0,0,0
20061,Monjas,,0,0,0,0,0,0,0,0,0,0,0,0,0,0,0,0,0,0,0,0,0,0
20062,Natividad,,0,0,0,0,0,0,0,0,0,0,0,0,0,0,0,0,0,0,0,0,0,0
20063,Nazareno Etla,,0,0,0,0,0,0,0,0,0,0,0,0,0,0,0,0,0,0,0,0,0,0
20064,Nejapa de Madero,,1465,592,179,870,3270,7669,5786,4495,7990,11408,11366,0,1155,522,0,0,0,0,0,0,0,0
20065,Ixpantepec Nieves,,0,0,0,0,0,0,0,0,0,0,0,0,0,0,0,0,0,0,0,0,0,0
20066,Santiago Niltepec,,0,0,0,0,0,0,0,0,0,0,0,0,0,0,0,0,0,0,0,0,0,0
20067,Oaxaca de Juárez,,0,0,0,0,0,0,0,0,0,0,0,0,0,0,0,0,0,0,0,201,0,0
20068,Ocotlán de Morelos,,0,0,0,0,0,0,0,0,0,0,0,0,0,0,0,0,0,0,0,0,0,0
20069,La Pe,,0,0,0,0,0,0,0,0,0,0,0,0,0,0,0,0,0,0,0,0,0,0
20070,Pinotepa de Don Luis,,0,0,0,0,0,0,0,0,0,0,0,0,0,0,0,0,0,0,0,0,0,0
20071,Pluma Hidalgo,,0,71,74,365,0,170,142,0,0,0,0,0,484,545,0,0,0,0,0,0,0,0
20072,San José del Progreso,,0,0,0,0,0,0,0,0,0,0,0,0,0,0,0,0,0,0,0,0,0,0
20073,Putla Villa de Guerrero,,0,363,831,322,0,0,1890,0,0,0,0,544,0,0,3429,3834,429,0,0,0,0,0
20074,Santa Catarina Quioquitani,,0,0,0,0,0,0,0,0,0,0,0,0,0,0,0,0,0,0,0,0,0,0
20075,Reforma de Pineda,,0,0,0,0,0,0,0,0,0,0,0,0,0,0,0,0,0,0,0,0,0,0
20076,La Reforma,,0,1660,2651,1761,2558,959,1745,2114,0,579,0,0,716,0,0,0,0,0,794,1215,1975,1458
20077,Reyes Etla,,0,0,0,0,0,1548,0,0,0,0,0,0,0,0,0,0,0,0,0,0,0,0
20078,Rojas de Cuauhtémoc,,0,0,0,0,0,0,0,0,0,0,0,0,0,0,0,0,0,0,0,0,0,0
20079,Salina Cruz,,0,0,0,0,0,0,0,0,0,0,0,0,0,0,0,0,0,0,0,0,0,0
20080,San Agustín Amatengo,,0,0,0,0,0,0,0,0,0,0,0,0,0,0,0,0,0,0,0,0,0,0
20081,San Agustín Atenango,,0,0,0,0,0,0,0,0,0,0,0,0,0,0,0,0,0,0,0,0,0,0
20082,San Agustín Chayuco,,1964,812,703,852,638,738,0,574,0,599,0,0,0,0,0,0,0,0,0,0,0,0
20083,San Agustín de las Juntas,,0,0,0,0,0,0,0,0,0,0,0,0,0,0,0,0,0,0,0,0,0,0
20084,San Agustín Etla,,0,0,0,0,0,0,0,0,928,2717,707,1404,663,0,0,0,0,0,0,0,0,0
20085,San Agustín Loxicha,,3150,1734,3017,13299,1601,2008,1379,1315,295,0,307,0,2240,1030,4128,3003,2444,6485,4894,631,966,2158
20086,San Agustín Tlacotepec,,0,0,0,0,0,0,0,0,0,0,0,0,0,0,0,0,0,0,0,0,0,0
20087,San Agustín Yatareni,,0,0,0,0,0,0,0,0,0,0,0,0,0,0,0,0,0,0,0,0,0,0
20088,San Andrés Cabecera Nueva,,4328,4369,6203,2602,4675,8937,6822,4661,4466,3599,6600,8262,5332,5617,4492,1964,3313,1061,0,0,4294,0
20089,San Andrés Dinicuiti,,0,0,0,0,0,0,0,0,0,0,0,0,0,0,0,0,0,0,0,0,0,0
20090,San Andrés Huaxpaltepec,,0,0,0,0,0,0,0,0,0,0,0,0,0,0,0,0,0,0,0,0,0,0
20091,San Andrés Huayápam,,0,0,0,0,0,0,0,0,0,420,0,0,178,0,0,0,231,1606,1955,0,0,0
20092,San Andrés Ixtlahuaca,,0,0,0,0,0,0,0,0,0,0,0,0,0,0,0,0,0,0,0,0,0,0
20093,San Andrés Lagunas,,0,0,0,0,0,0,0,0,0,0,0,0,0,0,0,0,0,0,0,0,0,0
20094,San Andrés Nuxiño,,0,0,0,0,0,0,0,0,0,0,0,816,280,687,217,0,1193,1340,753,910,0,0
20095,San Andrés Paxtlán,,0,0,0,0,668,0,0,0,0,0,0,0,0,0,0,0,150,193,313,0,140,0
20096,San Andrés Sinaxtla,,0,0,0,0,0,0,0,0,0,0,0,0,0,0,0,0,0,0,0,0,0,0
20097,San Andrés Solaga,,0,0,0,0,0,0,0,0,0,0,0,0,0,0,0,0,0,0,0,0,0,0
20098,San Andrés Teotilálpam,,0,0,0,0,0,0,0,1826,645,363,0,0,622,0,0,0,0,0,0,0,0,0
20099,San Andrés Tepetlapa,,0,0,0,0,0,0,0,0,0,0,0,0,0,0,0,0,0,0,0,0,0,0
20100,San Andrés Yaá,,0,0,0,0,0,0,0,0,0,0,0,0,0,0,0,0,0,0,0,0,0,0
20101,San Andrés Zabache,,0,0,0,0,0,0,0,0,0,0,0,0,0,0,0,0,0,0,0,0,0,0
20102,San Andrés Zautla,,0,0,0,0,0,0,0,0,0,0,0,0,0,0,102,1458,212,2099,0,1190,3147,0
20103,San Antonino Castillo Velasco,,0,0,0,0,0,0,0,0,0,0,0,0,0,0,0,0,0,0,0,0,0,0
20104,San Antonino el Alto,,871,1792,1047,1565,3405,3066,4137,3637,1513,3416,6668,5580,6040,6488,5638,2668,10986,29429,12426,13918,15288,6144
20105,San Antonino Monte Verde,,0,0,0,0,0,0,0,0,0,0,0,0,0,0,0,0,0,0,0,0,0,0
20106,San Antonio Acutla,,0,0,0,0,0,0,0,0,0,0,0,0,0,0,0,0,0,0,0,0,0,0
20107,San Antonio de la Cal,,0,0,0,0,0,0,0,0,0,0,0,0,0,0,0,0,0,0,0,0,0,0
20108,San Antonio Huitepec,,0,0,0,147,516,0,3927,6683,745,3807,1301,778,628,0,0,1822,0,2886,2910,1850,3857,3014
20109,San Antonio Nanahuatípam,,0,0,0,0,0,0,0,0,0,0,0,0,0,0,0,0,0,0,0,0,0,0
20110,San Antonio Sinicahua,,0,0,0,0,0,0,0,0,0,0,0,0,0,0,0,0,0,0,0,0,0,0
20111,San Antonio Tepetlapa,,0,0,0,0,0,0,0,0,0,0,0,0,0,0,0,0,0,0,0,0,0,0
20112,San Baltazar Chichicápam,,0,0,0,0,0,0,0,0,0,0,0,0,0,0,0,0,0,0,0,0,0,0
20113,San Baltazar Loxicha,,0,523,1052,4191,56,0,0,0,0,0,0,0,0,0,0,0,0,0,0,0,0,0
20114,San Baltazar Yatzachi el Bajo,,0,0,0,0,0,0,0,0,0,0,0,0,0,0,0,0,0,0,0,0,0,0
20115,San Bartolo Coyotepec,,0,0,0,0,0,0,0,0,0,0,0,0,0,0,0,0,0,0,0,0,0,0
20116,San Bartolomé Ayautla,,0,0,0,0,0,0,0,0,0,0,0,0,0,0,0,0,0,0,0,0,0,0
20117,San Bartolomé Loxicha,,889,0,3185,18920,4287,1128,0,0,0,0,0,0,0,0,0,0,0,0,0,0,0,0
20118,San Bartolomé Quialana,,0,0,0,0,0,0,0,0,0,0,0,0,0,0,0,0,0,0,0,0,0,0
20119,San Bartolomé Yucuañe,,0,0,0,0,0,0,0,0,0,0,0,0,0,0,0,0,0,0,0,0,0,0
20120,San Bartolomé Zoogocho,,0,0,0,0,0,0,0,0,0,0,0,0,0,0,0,0,0,0,0,0,0,0
20121,San Bartolo Soyaltepec,,0,0,0,0,0,0,0,0,0,0,0,0,0,0,0,0,0,0,0,0,0,0
20122,San Bartolo Yautepec,,0,0,0,0,0,0,0,0,0,0,0,0,0,0,0,0,0,0,0,0,0,0
20123,San Bernardo Mixtepec,,504,399,261,342,389,884,600,983,457,626,0,0,480,0,201,0,0,770,1342,1136,3899,4340
20124,San Blas Atempa,,0,0,0,0,0,0,0,0,0,38,0,74,0,84,0,0,0,0,0,0,0,0
20125,San Carlos Yautepec,,0,0,786,0,524,3979,7580,8417,6374,8740,4862,7673,4408,3345,5376,1521,2360,3549,5884,8113,5296,656
20126,San Cristóbal Amatlán,,0,0,0,0,1707,2627,2055,0,0,0,0,0,0,0,0,0,0,905,953,0,0,975
20127,San Cristóbal Amoltepec,,0,0,0,0,0,0,0,0,0,0,0,0,0,0,0,0,0,0,0,0,0,0
20128,San Cristóbal Lachirioag,,0,0,0,0,0,0,0,0,0,0,0,0,0,0,0,0,0,0,0,0,0,0
20129,San Cristóbal Suchixtlahuaca,,0,0,0,0,0,0,0,0,0,0,0,0,0,0,0,0,0,0,0,0,0,0
20130,San Dionisio del Mar,,0,0,0,0,0,0,0,0,0,0,0,0,0,0,0,0,0,0,0,0,0,0
20131,San Dionisio Ocotepec,,0,0,0,0,0,0,0,0,0,0,0,0,0,0,0,0,0,0,0,0,0,0
20132,San Dionisio Ocotlán,,0,0,0,0,0,0,0,0,0,0,0,0,0,0,0,0,0,0,0,0,0,0
20133,San Esteban Atatlahuca,,1673,2195,4310,6554,4116,0,10731,3421,3708,14187,7213,1003,2479,3390,3733,1580,0,7516,10214,18304,7433,10719
20134,San Felipe Jalapa de Díaz,,0,0,0,0,0,0,0,0,0,0,0,0,0,0,0,0,0,0,0,0,0,0
20135,San Felipe Tejalápam,,0,0,0,0,0,0,0,0,0,0,0,0,0,0,0,0,0,0,0,0,0,0
20136,San Felipe Usila,,0,0,0,0,0,0,269,287,0,0,0,0,0,0,0,0,0,0,0,0,0,0
20137,San Francisco Cahuacuá,,928,1430,2306,1234,0,2251,4153,3323,5390,5569,4955,7502,4380,0,2960,3142,3411,3268,4088,0,9372,5014
20138,San Francisco Cajonos,,451,0,1150,1326,116,0,0,47,0,221,0,0,2044,0,3744,0,3142,0,0,2120,0,4544
20139,San Francisco Chapulapa,,0,0,0,0,0,0,0,0,0,0,0,0,0,0,0,0,0,0,0,0,0,0
20140,San Francisco Chindúa,,0,0,0,0,0,0,0,0,0,0,0,0,0,0,0,0,0,0,0,0,0,0
20141,San Francisco del Mar,,0,0,0,0,0,0,0,0,0,0,0,0,0,0,0,0,0,0,0,0,0,0
20142,San Francisco Huehuetlán,,0,0,0,0,0,0,0,0,0,0,0,0,0,0,0,0,0,0,0,0,0,0
20143,San Francisco Ixhuatán,,0,0,0,0,0,0,0,0,0,0,0,0,0,0,0,0,0,0,0,0,0,0
20144,San Francisco Jaltepetongo,,0,0,0,0,0,0,0,0,0,0,0,0,0,0,0,0,0,0,0,0,0,0
20145,San Francisco Lachigoló,,0,0,0,0,0,0,0,0,0,0,0,0,0,0,0,0,0,0,0,0,0,0
20146,San Francisco Logueche,,0,0,0,0,0,0,0,0,0,0,0,0,0,0,0,0,0,0,0,0,0,0
20147,San Francisco Nuxaño,,0,0,0,0,0,0,0,0,0,0,0,0,0,0,0,0,0,0,0,0,0,0
20148,San Francisco Ozolotepec,,0,0,0,0,0,0,0,0,0,0,0,0,0,0,0,0,0,0,0,0,0,0
20149,San Francisco Sola,,0,0,0,0,0,0,0,0,0,0,0,0,0,0,0,0,0,0,0,0,0,0
20150,San Francisco Telixtlahuaca,,0,0,0,0,0,0,0,0,0,0,0,0,0,0,0,0,0,0,0,0,0,0
20151,San Francisco Teopan,,0,0,0,0,0,0,0,0,0,0,0,0,0,0,0,0,0,0,0,0,0,0
20152,San Francisco Tlapancingo,,0,0,0,0,0,0,0,0,0,0,0,0,0,0,0,0,0,0,0,0,0,0
20153,San Gabriel Mixtepec,,1848,3999,6782,10537,2714,209,122,0,0,0,0,0,0,0,0,0,0,0,0,0,0,0
20154,San Ildefonso Amatlán,,0,0,0,507,2091,821,552,1103,819,81,379,215,0,0,311,0,0,0,0,1855,0,501
20155,San Ildefonso Sola,,0,0,0,0,0,0,0,0,0,0,0,0,0,0,0,0,0,0,0,0,0,0
20156,San Ildefonso Villa Alta,,0,0,0,0,0,0,0,0,0,0,0,0,0,0,0,0,0,0,0,0,0,0
20157,San Jacinto Amilpas,,0,0,0,0,0,0,0,0,0,0,0,0,0,0,0,0,0,0,0,0,0,0
20158,San Jacinto Tlacotepec,,0,0,0,0,0,0,0,0,0,0,0,0,0,0,0,0,0,0,0,0,0,0
20159,San Jerónimo Coatlán,,7286,10282,12506,57657,59892,54443,21567,19059,14149,11364,8041,6462,4184,12222,13663,13622,14845,16811,17828,18162,21010,19084
20160,San Jerónimo Silacayoapilla,,0,0,0,0,0,0,0,0,0,0,0,0,0,0,0,0,0,0,0,0,0,0
20161,San Jerónimo Sosola,,0,0,0,0,0,0,0,0,0,0,0,0,0,0,42,0,0,0,0,0,0,0
20162,San Jerónimo Taviche,,0,0,0,0,0,0,0,0,0,0,0,0,0,0,0,0,0,0,0,0,0,0
20163,San Jerónimo Tecóatl,,0,0,0,0,0,0,0,0,0,0,0,0,0,0,0,0,0,0,0,0,0,0
20164,San Jorge Nuchita,,0,0,0,0,0,0,0,0,0,0,0,0,0,0,0,0,0,0,0,0,0,0
20165,San José Ayuquila,,0,0,0,0,0,0,0,0,0,0,0,0,0,0,0,0,0,0,0,0,0,0
20166,San José Chiltepec,,0,0,0,0,0,0,23,13,8,27,362,0,610,0,0,0,0,0,0,0,0,0
20167,San José del Peñasco,,0,0,0,0,0,0,0,0,0,0,0,0,0,0,0,0,0,0,0,0,0,0
20168,San José Estancia Grande,,0,0,0,0,0,0,0,0,0,0,0,0,0,0,0,0,0,0,0,0,0,0
20169,San José Independencia,,0,0,0,0,0,0,0,0,0,0,0,0,0,0,0,0,0,0,0,0,0,0
20170,San José Lachiguiri,,0,0,0,0,0,0,0,0,0,0,0,0,0,0,0,0,0,0,0,0,0,0
20171,San José Tenango,,122,24,0,0,0,0,0,0,0,0,0,0,0,0,0,0,0,0,0,0,0,0
20172,San Juan Achiutla,,0,0,0,0,0,0,0,0,0,0,0,0,0,0,0,0,0,0,0,0,0,0
20173,San Juan Atepec,,0,4127,1848,266,7295,2473,3511,925,1276,6974,5935,4570,9866,5008,10300,7079,10577,4542,19115,11952,0,7522
20174,Ánimas Trujano,,0,0,0,0,0,0,0,0,0,0,0,0,0,0,0,0,0,0,0,0,0,0
20175,San Juan Bautista Atatlahuca,,1472,853,1289,556,1484,6053,8786,5384,848,826,1877,1044,0,1630,2073,0,0,0,0,0,0,0
20176,San Juan Bautista Coixtlahuaca,,0,0,0,0,0,0,0,0,0,0,0,0,0,0,0,0,0,0,0,0,0,0
20177,San Juan Bautista Cuicatlán,,0,0,0,0,0,0,8,0,0,45,110,0,0,0,0,0,0,0,0,0,554,0
20178,San Juan Bautista Guelache,,0,0,14420,18,0,0,3695,7799,567,0,0,0,0,1239,0,0,0,0,0,1700,0,0
20179,San Juan Bautista Jayacatlán,,638,1360,925,2203,3576,3863,1634,3958,2333,3970,2797,338,0,1732,3475,1675,648,4232,5049,5169,5668,5154
20180,San Juan Bautista Lo de Soto,,0,0,0,0,0,0,0,0,0,0,0,0,0,0,0,0,0,0,0,0,0,0
20181,San Juan Bautista Suchitepec,,0,0,0,0,0,0,0,0,0,0,0,0,0,0,0,0,0,0,0,0,0,0
20182,San Juan Bautista Tlacoatzintepec,,0,0,0,0,0,0,0,0,0,0,0,0,0,0,0,0,0,0,0,0,0,0
20183,San Juan Bautista Tlachichilco,,0,0,0,0,0,0,0,0,0,0,0,0,0,0,0,0,0,0,0,0,0,0
20184,San Juan Bautista Tuxtepec,,0,0,0,0,0,0,293,4833,139,990,1579,1303,151,0,318,0,0,0,0,0,0,0
20185,San Juan Cacahuatepec,,0,347,0,0,0,0,0,0,0,0,0,0,0,0,0,0,0,0,0,0,0,0
20186,San Juan Cieneguilla,,0,0,0,0,0,0,0,0,0,0,0,0,0,0,0,0,0,0,0,0,0,0
20187,San Juan Coatzóspam,,0,0,0,0,0,0,0,0,0,0,0,0,0,0,0,0,0,0,0,0,0,0
20188,San Juan Colorado,,778,775,1559,932,0,0,1643,2980,159,1128,866,1539,1143,1182,0,0,0,0,0,0,0,2408
20189,San Juan Comaltepec,,0,0,0,0,0,0,0,0,0,0,0,243,1018,92,0,0,0,0,0,0,0,0
20190,San Juan Cotzocón,,0,865,0,2060,9679,7602,17138,11433,9717,12905,7060,4594,7957,9513,636,0,1987,1112,2444,2854,3421,15108
20191,San Juan Chicomezúchil,,0,0,0,0,0,0,0,0,0,0,0,0,0,0,0,0,0,0,0,0,0,0
20192,San Juan Chilateca,,0,0,0,0,0,0,0,0,0,0,0,0,0,0,0,0,0,0,0,0,0,0
20193,San Juan del Estado,,0,0,0,0,0,0,6072,3639,2559,2311,0,0,24747,42297,25295,4330,995,3854,389,1126,275,0
20194,San Juan del Río,,0,0,0,0,0,0,0,0,0,258,0,0,0,0,0,0,0,0,0,0,0,0
20195,San Juan Diuxi,,0,0,0,0,0,0,0,0,0,0,0,0,0,0,0,0,0,0,0,0,0,0
20196,San Juan Evangelista Analco,,0,0,0,0,0,0,0,0,0,0,0,0,0,0,620,0,323,0,995,1068,1136,1139
20197,San Juan Guelavía,,0,0,0,0,0,0,0,0,0,0,0,0,0,0,0,0,0,0,0,0,0,0
20198,San Juan Guichicovi,,0,0,0,0,464,474,80,0,0,201,0,0,0,0,0,0,0,0,0,0,0,0
20199,San Juan Ihualtepec,,0,0,0,0,0,0,0,0,0,0,0,0,0,0,0,0,0,0,0,0,0,0
20200,San Juan Juquila Mixes,,0,0,0,0,0,0,0,0,0,0,0,0,0,0,0,0,0,0,0,0,0,0
20201,San Juan Juquila Vijanos,,0,0,0,138,417,557,122,628,0,1614,0,0,868,0,0,0,915,0,0,0,1371,0
20202,San Juan Lachao,,0,241,768,7491,10679,9486,2755,566,153,108,0,0,0,0,0,0,0,3176,4074,4990,2854,0
20203,San Juan Lachigalla,,0,0,0,0,0,0,0,0,0,0,0,0,0,0,0,0,0,0,0,0,0,0
20204,San Juan Lajarcia,,0,0,0,0,0,0,0,0,0,0,0,0,0,0,0,0,0,0,0,0,0,0
20205,San Juan Lalana,,0,0,0,0,0,0,0,0,0,0,0,0,0,70,0,0,0,0,0,0,0,0
20206,San Juan de los Cués,,0,0,0,0,0,0,0,0,0,0,0,0,0,0,0,0,0,0,0,0,0,0
20207,San Juan Mazatlán,,0,0,86,0,0,255,388,0,540,77,21,1256,1624,1348,0,0,2988,1975,5492,2375,2309,1025
20208,San Juan Mixtepec,,0,0,0,0,0,0,0,0,0,0,0,0,0,0,0,0,0,0,0,0,0,0
20209,San Juan Mixtepec,,0,0,0,0,3028,3412,774,4017,1234,0,0,0,0,0,0,0,0,0,0,0,0,0
20210,San Juan Ñumí,,0,0,0,0,0,0,0,0,0,0,0,0,0,0,0,0,74,0,0,0,477,0
20211,San Juan Ozolotepec,,1080,0,1213,2971,4304,8252,3492,0,0,0,0,0,0,0,211,964,4137,4888,7554,0,6383,13136
20212,San Juan Petlapa,,0,0,0,0,0,0,0,0,0,0,0,0,0,0,0,0,0,0,0,0,0,0
20213,San Juan Quiahije,,2819,0,0,300,6380,4590,0,4768,0,2113,2031,859,2252,640,58,2210,0,0,0,0,0,0
20214,San Juan Quiotepec,,881,0,388,134,0,3111,4832,0,96,1372,2150,2266,3076,730,1658,3024,2711,565,5053,3437,8168,9459
20215,San Juan Sayultepec,,0,0,0,0,0,0,0,0,0,0,0,0,0,0,0,0,0,0,0,0,0,0
20216,San Juan Tabaá,,0,0,0,0,0,0,0,0,0,0,0,0,0,0,0,0,0,0,49,0,0,0
20217,San Juan Tamazola,,0,0,0,0,0,0,2754,729,278,0,0,0,7672,3054,0,0,0,0,324,762,1265,1811
20218,San Juan Teita,,0,0,0,0,0,0,0,0,0,0,0,0,0,0,0,0,0,0,0,0,0,0
20219,San Juan Teitipac,,0,0,0,0,0,0,0,0,0,0,0,0,0,0,0,0,0,0,0,0,0,0
20220,San Juan Tepeuxila,,1450,960,1648,1213,4537,1074,3705,1582,4992,7151,9202,11160,3789,3162,4379,970,1524,5907,2876,3544,2634,5839
20221,San Juan Teposcolula,,0,0,0,0,0,0,0,0,0,0,0,0,0,0,0,0,0,0,0,0,0,0
20222,San Juan Yaeé,,0,0,0,0,0,0,0,0,11,0,0,0,0,0,0,0,0,0,0,0,0,0
20223,San Juan Yatzona,,0,0,0,0,0,0,0,0,0,0,0,0,0,0,0,0,0,0,0,0,0,0
20224,San Juan Yucuita,,0,0,0,0,0,0,0,0,0,0,0,0,0,0,0,0,0,0,0,0,0,0
20225,San Lorenzo,,0,0,0,0,0,0,0,0,0,0,0,0,0,0,0,0,0,0,0,0,0,0
20226,San Lorenzo Albarradas,,0,0,0,0,0,0,0,0,0,0,0,0,0,0,0,0,0,0,0,0,0,0
20227,San Lorenzo Cacaotepec,,0,0,0,0,0,0,0,0,0,0,0,0,0,0,0,0,0,0,0,0,0,0
20228,San Lorenzo Cuaunecuiltitla,,0,0,0,0,0,0,0,0,0,0,0,0,0,0,0,0,0,0,0,0,0,0
20229,San Lorenzo Texmelúcan,,0,0,1627,1009,0,0,0,0,0,0,0,0,0,0,0,0,0,0,0,0,0,4409
20230,San Lorenzo Victoria,,0,0,0,0,0,0,0,0,0,0,0,0,0,0,0,0,0,0,0,0,0,0
20231,San Lucas Camotlán,,0,0,0,0,0,0,0,0,0,0,0,0,0,0,0,0,0,0,0,0,0,0
20232,San Lucas Ojitlán,,0,0,0,0,0,0,0,0,0,0,0,0,0,0,0,0,0,0,0,0,0,0
20233,San Lucas Quiaviní,,0,0,0,0,0,0,0,0,0,0,0,0,0,0,0,0,0,0,0,0,0,0
20234,San Lucas Zoquiápam,,0,0,0,0,0,0,0,0,0,0,0,0,0,0,0,0,0,0,0,0,0,0
20235,San Luis Amatlán,,0,0,0,0,0,0,0,0,0,0,0,0,0,0,0,0,0,0,0,0,0,0
20236,San Marcial Ozolotepec,,0,0,83,232,264,0,0,13,476,71,0,282,346,437,181,642,227,0,0,613,0,309
20237,San Marcos Arteaga,,0,0,0,0,0,0,0,0,0,0,0,0,0,0,0,0,0,0,0,0,0,0
20238,San Martín de los Cansecos,,0,0,0,0,0,0,0,0,0,0,0,0,0,0,0,0,0,0,0,0,0,0
20239,San Martín Huamelúlpam,,0,0,0,0,0,0,0,0,0,0,0,0,0,0,0,0,0,0,0,709,0,0
20240,San Martín Itunyoso,,0,0,0,0,0,0,0,0,0,0,0,0,0,0,0,0,0,0,0,0,0,0
20241,San Martín Lachilá,,0,0,0,0,0,0,0,0,0,0,0,0,0,0,0,0,0,0,0,0,0,0
20242,San Martín Peras,,0,0,0,0,0,0,0,0,0,0,0,0,0,0,0,0,0,0,0,0,0,0
20243,San Martín Tilcajete,,0,0,0,0,0,0,0,0,0,0,0,0,0,0,0,0,0,0,0,0,0,0
20244,San Martín Toxpalan,,0,0,0,0,0,0,0,0,0,0,0,0,0,0,0,0,0,0,0,0,0,0
20245,San Martín Zacatepec,,0,0,0,0,0,0,0,0,0,0,0,0,0,0,0,0,0,0,0,0,0,0
20246,San Mateo Cajonos,,0,0,0,0,0,0,0,0,0,0,0,0,0,0,0,0,0,0,0,0,0,0
20247,Capulálpam de Méndez,,982,454,515,675,1145,1022,1128,898,1305,1068,491,759,932,1163,4050,6166,0,3409,4023,624,1144,0
20248,San Mateo del Mar,,0,0,0,0,0,0,0,0,0,0,0,0,0,0,0,0,0,0,0,0,0,0
20249,San Mateo Yoloxochitlán,,0,0,0,0,0,0,0,0,0,0,0,0,0,0,0,0,0,0,0,0,0,0
20250,San Mateo Etlatongo,,0,0,0,0,0,0,0,0,0,0,0,0,0,0,0,0,0,0,0,0,0,0
20251,San Mateo Nejápam,,0,0,0,0,0,0,0,0,0,0,0,0,0,0,0,0,0,0,0,0,0,0
20252,San Mateo Peñasco,,0,0,0,0,0,0,0,0,0,0,0,0,0,0,0,0,0,0,0,0,0,0
20253,San Mateo Piñas,,0,0,0,146,0,0,397,1177,0,0,0,0,0,194,0,0,0,0,0,0,0,0
20254,San Mateo Río Hondo,,5134,10115,9368,9793,11658,9661,6440,6400,7593,9102,6494,13779,8275,14096,9546,4588,8676,5532,8278,6155,8265,12868
20255,San Mateo Sindihui,,0,0,0,0,0,0,0,0,0,0,0,0,0,0,0,0,0,0,0,0,0,0
20256,San Mateo Tlapiltepec,,0,0,0,0,0,0,0,0,0,0,0,0,0,0,0,0,0,0,0,0,0,0
20257,San Melchor Betaza,,0,0,0,0,0,0,0,0,0,0,0,0,0,0,0,0,0,0,0,0,0,0
20258,San Miguel Achiutla,,0,0,0,0,0,0,0,0,0,0,0,0,0,0,0,0,0,0,0,0,0,0
20259,San Miguel Ahuehuetitlán,,0,0,0,0,0,0,0,0,0,0,0,0,0,0,0,0,0,0,0,0,0,0
20260,San Miguel Aloápam,,2237,4761,7820,5568,16248,17097,12402,16205,16650,14433,15337,12347,16248,7545,13283,14599,0,19332,20824,16188,19226,23048
20261,San Miguel Amatitlán,,0,0,0,0,0,0,0,0,0,0,0,0,0,0,0,0,0,0,0,0,0,0
20262,San Miguel Amatlán,,0,0,1807,2582,2958,1466,2918,2078,727,324,0,0,14196,7070,8511,0,3104,0,5053,4108,3002,2617
20263,San Miguel Coatlán,,0,0,0,0,0,0,0,0,1089,377,0,0,0,0,1566,0,0,2449,1253,1475,3084,1182
20264,San Miguel Chicahua,,0,0,0,0,0,0,0,0,0,0,0,0,0,0,0,0,0,0,0,0,0,0
20265,San Miguel Chimalapa,,206,0,0,0,0,0,0,0,0,0,0,0,0,0,0,0,0,0,0,0,0,0
20266,San Miguel del Puerto,,0,0,233,0,0,0,0,0,0,5,0,0,0,0,0,0,0,0,0,0,0,0
20267,San Miguel del Río,,0,0,0,0,0,0,0,0,0,0,0,0,0,0,0,0,0,0,0,0,0,0
20268,San Miguel Ejutla,,0,0,0,0,0,0,0,0,0,0,0,0,0,0,0,0,0,0,0,0,0,0
20269,San Miguel el Grande,,536,0,72,298,0,0,0,0,0,0,0,10626,10407,0,0,0,0,553,958,0,1566,0
20270,San Miguel Huautla,,0,0,0,0,0,0,0,0,0,0,0,0,0,0,0,0,0,0,0,0,0,0
20271,San Miguel Mixtepec,,154,720,0,601,2160,323,496,182,1063,842,1248,1661,1802,1372,1018,2550,2606,2340,3338,3209,3994,5156
20272,San Miguel Panixtlahuaca,,0,0,0,0,0,0,0,0,0,0,0,0,0,0,0,0,0,0,0,0,0,0
20273,San Miguel Peras,,1476,0,300,0,0,0,2747,7478,5293,361,770,1363,0,0,0,0,0,0,0,0,2659,1984
20274,San Miguel Piedras,,0,0,0,0,0,0,0,0,0,0,0,0,0,0,0,0,0,0,0,0,0,0
20275,San Miguel Quetzaltepec,,0,0,0,0,0,0,0,0,0,0,0,0,0,0,0,0,0,0,0,0,0,0
20276,San Miguel Santa Flor,,0,0,0,0,0,0,0,0,0,0,0,0,0,0,0,0,0,0,0,0,0,0
20277,Villa Sola de Vega,,2093,694,3926,2200,2713,5593,9003,9488,7658,3937,5889,4657,4959,6935,6157,0,5602,8349,7138,9624,7410,12311
20278,San Miguel Soyaltepec,,0,0,0,0,0,0,0,0,0,65,89,262,0,0,0,0,0,0,0,0,0,0
20279,San Miguel Suchixtepec,,2489,6076,3548,4035,6263,5222,2922,4734,3290,3712,2553,2969,3039,3934,4890,1716,3622,6505,3924,3180,2922,8850
20280,Villa Talea de Castro,,0,0,0,0,0,0,232,0,213,0,0,251,0,0,0,0,0,0,0,0,0,0
20281,San Miguel Tecomatlán,,0,0,0,0,0,0,0,0,0,0,0,0,0,0,0,0,0,0,0,0,0,0
20282,San Miguel Tenango,,0,0,0,0,0,0,0,0,0,0,0,0,0,0,0,0,0,0,0,0,0,0
20283,San Miguel Tequixtepec,,0,0,0,0,0,0,0,0,0,0,0,0,0,0,0,0,0,0,0,0,0,0
20284,San Miguel Tilquiápam,,0,0,0,0,0,0,0,0,0,0,0,0,0,0,0,0,0,0,0,0,0,0
20285,San Miguel Tlacamama,,0,0,0,0,0,0,0,0,0,0,0,0,0,0,0,0,0,0,0,0,0,0
20286,San Miguel Tlacotepec,,0,0,0,0,0,0,0,0,0,0,0,0,0,0,0,0,0,0,0,0,0,0
20287,San Miguel Tulancingo,,0,0,0,0,0,0,0,0,0,0,0,0,0,0,0,0,0,0,0,0,0,0
20288,San Miguel Yotao,,0,0,0,0,0,0,0,0,0,0,0,0,0,0,0,0,0,0,0,0,0,0
20289,San Nicolás,,0,0,0,0,0,0,0,0,0,0,0,0,0,0,0,0,0,0,0,0,0,0
20290,San Nicolás Hidalgo,,0,0,0,0,0,0,0,0,0,0,0,0,0,0,0,0,0,0,0,0,0,0
20291,San Pablo Coatlán,,650,2318,433,0,0,0,0,10253,4044,0,0,0,0,0,1370,0,0,0,0,0,0,7396
20292,San Pablo Cuatro Venados,,0,0,0,746,670,40,359,358,545,650,2908,1675,698,1245,0,0,0,0,0,0,0,0
20293,San Pablo Etla,,0,0,701,2720,0,0,0,0,0,622,509,0,334,0,222,0,496,0,0,580,413,813
20294,San Pablo Huitzo,,0,0,0,0,0,0,0,0,0,0,0,0,0,0,0,0,0,0,0,0,0,0
20295,San Pablo Huixtepec,,0,0,0,0,0,0,0,0,0,0,0,0,0,0,0,0,0,0,0,0,0,0
20296,San Pablo Macuiltianguis,,2015,4066,6480,5906,12209,15775,11072,14224,9711,3887,7695,7977,4297,9068,15087,4843,11845,21393,10413,13099,35338,37926
20297,San Pablo Tijaltepec,,0,0,0,0,0,0,0,0,0,0,0,0,0,0,0,0,0,0,0,0,0,0
20298,San Pablo Villa de Mitla,,0,0,0,0,3326,264,799,6548,363,772,0,304,0,0,0,0,2936,3025,1678,3,61,0
20299,San Pablo Yaganiza,,0,0,0,0,0,0,0,0,0,0,0,0,0,0,0,0,0,0,0,0,0,0
20300,San Pedro Amuzgos,,0,0,0,0,0,0,0,0,0,0,0,0,0,0,0,0,0,0,0,0,0,0
20301,San Pedro Apóstol,,0,0,0,0,0,0,0,0,0,0,0,0,0,0,0,0,0,0,0,0,0,0
20302,San Pedro Atoyac,,0,0,0,0,0,0,0,0,0,0,0,0,0,0,0,0,0,0,0,0,0,0
20303,San Pedro Cajonos,,0,0,0,0,0,0,0,0,0,0,98,0,0,0,0,0,0,0,1133,0,0,3952
20304,San Pedro Coxcaltepec Cántaros,,0,0,0,0,0,0,0,0,0,0,0,0,0,0,0,0,0,0,0,0,0,0
20305,San Pedro Comitancillo,,0,0,0,0,0,0,0,0,0,0,0,0,0,0,0,0,0,0,0,0,0,0
20306,San Pedro el Alto,,121,20,117,2312,1846,576,578,575,0,148,1006,663,357,0,0,0,637,670,485,0,0,288
20307,San Pedro Huamelula,,0,0,0,0,0,0,0,0,0,0,0,0,0,0,0,0,0,0,0,0,0,0
20308,San Pedro Huilotepec,,0,0,0,0,0,0,0,0,0,0,0,0,0,0,0,0,0,0,0,0,0,0
20309,San Pedro Ixcatlán,,0,0,0,0,0,0,0,0,0,0,17,62,0,0,0,0,0,0,0,0,0,0
20310,San Pedro Ixtlahuaca,,0,0,0,0,0,0,0,0,0,0,0,0,0,0,0,0,0,0,0,0,0,0
20311,San Pedro Jaltepetongo,,0,0,0,0,0,0,0,0,0,0,0,0,0,0,0,0,0,0,0,0,0,0
20312,San Pedro Jicayán,,0,0,0,0,0,0,0,0,0,0,0,0,0,0,0,0,0,0,0,0,0,0
20313,San Pedro Jocotipac,,0,0,0,0,0,0,0,0,0,0,0,0,0,0,0,0,0,0,0,0,0,0
20314,San Pedro Juchatengo,,0,0,0,0,0,0,0,0,0,0,0,0,0,0,0,0,0,0,0,0,0,0
20315,San Pedro Mártir,,0,0,0,0,0,0,0,0,0,0,0,0,0,0,0,0,0,0,0,0,0,0
20316,San Pedro Mártir Quiechapa,,0,0,0,0,0,0,0,0,0,0,0,0,0,0,0,0,0,0,0,0,0,0
20317,San Pedro Mártir Yucuxaco,,0,0,0,0,0,0,0,0,0,0,0,0,0,0,0,0,0,0,0,0,0,0
20318,San Pedro Mixtepec,,0,0,0,0,0,0,0,0,0,0,0,0,0,0,0,0,0,0,0,0,0,0
20319,San Pedro Mixtepec,,0,0,0,0,0,0,0,0,0,0,0,0,0,0,0,0,0,0,0,0,0,0
20320,San Pedro Molinos,,0,0,0,0,0,0,0,0,0,0,0,0,0,0,0,0,0,0,0,0,0,0
20321,San Pedro Nopala,,0,0,0,0,0,0,0,0,0,0,0,0,0,0,0,0,0,0,0,0,0,0
20322,San Pedro Ocopetatillo,,0,0,0,0,0,0,0,0,0,0,0,0,0,0,0,0,0,0,0,0,0,0
20323,San Pedro Ocotepec,,0,0,0,0,0,0,0,0,0,0,0,0,0,0,0,0,0,0,0,0,0,0
20324,San Pedro Pochutla,,0,0,0,395,97,0,0,0,0,0,0,0,0,0,0,0,0,0,665,448,0,0
20325,San Pedro Quiatoni,,0,0,0,0,0,0,0,0,0,0,0,0,0,0,0,0,0,0,0,0,0,0
20326,San Pedro Sochiápam,,0,0,0,0,0,0,0,0,0,0,0,0,0,0,0,0,0,0,0,0,0,0
20327,San Pedro Tapanatepec,,0,0,0,0,0,0,0,0,0,0,0,0,0,0,0,0,0,0,0,0,0,0
20328,San Pedro Taviche,,0,0,0,0,0,0,0,0,0,0,0,0,0,0,0,0,0,0,0,0,0,0
20329,San Pedro Teozacoalco,,0,0,0,0,0,0,0,0,0,0,0,0,0,0,0,0,0,0,0,0,0,0
20330,San Pedro Teutila,,0,0,0,0,0,0,0,0,0,0,228,0,0,0,0,0,0,0,0,0,0,0
20331,San Pedro Tidaá,,0,0,0,0,0,0,0,0,0,0,0,0,0,0,0,0,0,0,0,0,0,0
20332,San Pedro Topiltepec,,0,0,0,0,0,0,0,0,0,0,0,0,0,0,0,0,0,0,0,0,0,0
20333,San Pedro Totolápam,,0,0,0,0,0,0,0,0,0,47,135,190,232,138,93,38,69,72,93,115,37,15
20334,Villa de Tututepec,,0,0,0,0,0,0,0,0,0,0,0,0,0,0,0,0,0,0,0,0,0,0
20335,San Pedro Yaneri,,1215,0,311,0,0,290,2228,332,0,0,1965,236,991,0,0,0,0,738,3795,2421,1776,3316
20336,San Pedro Yólox,,623,934,548,4512,13519,10161,4254,4318,1075,8482,2775,3679,4118,3208,3026,6880,5019,6612,10754,6119,10062,8163
20337,San Pedro y San Pablo Ayutla,,0,0,0,0,0,0,0,0,0,0,0,0,0,0,0,0,0,0,2417,0,0,0
20338,Villa de Etla,,0,0,0,0,0,0,0,0,0,0,0,0,0,0,0,0,0,0,0,0,0,0
20339,San Pedro y San Pablo Teposcolula,,0,0,0,0,0,0,0,0,0,0,0,0,0,0,0,0,0,0,0,0,0,0
20340,San Pedro y San Pablo Tequixtepec,,0,0,0,0,0,0,0,0,0,0,0,0,0,0,0,0,0,0,0,0,0,0
20341,San Pedro Yucunama,,0,0,0,0,0,0,0,0,0,0,0,0,0,0,0,0,0,0,0,0,0,0
20342,San Raymundo Jalpan,,0,0,0,0,0,0,0,0,0,0,0,0,0,0,0,0,0,0,0,0,0,0
20343,San Sebastián Abasolo,,0,0,0,0,0,0,0,0,0,0,0,0,0,0,0,0,0,0,0,0,0,0
20344,San Sebastián Coatlán,,0,951,2496,2156,226,2559,2136,1566,0,0,0,2192,2195,0,0,0,0,0,3817,3602,3641,5300
20345,San Sebastián Ixcapa,,0,0,0,0,0,0,0,0,0,0,0,0,0,0,0,0,0,0,0,0,0,0
20346,San Sebastián Nicananduta,,0,0,0,0,0,0,0,0,0,0,0,0,0,0,0,0,0,0,0,0,0,0
20347,San Sebastián Río Hondo,,253,171,824,2409,3671,3895,3150,5858,2561,3017,2316,3363,1966,2910,2005,2509,4607,3717,4586,2444,7086,5051
20348,San Sebastián Tecomaxtlahuaca,,0,0,0,0,0,0,0,0,0,0,0,0,0,0,0,0,0,0,0,0,0,0
20349,San Sebastián Teitipac,,0,0,0,0,0,0,0,0,0,0,0,0,0,0,0,0,0,0,0,0,0,0
20350,San Sebastián Tutla,,0,0,0,0,0,0,0,0,0,0,0,0,0,0,0,0,0,0,0,0,0,0
20351,San Simón Almolongas,,0,0,0,0,0,0,0,0,0,0,0,0,0,0,0,0,0,0,0,0,0,0
20352,San Simón Zahuatlán,,0,0,0,0,0,0,0,0,0,0,0,0,0,0,0,0,0,0,0,0,0,0
20353,Santa Ana,,0,0,0,0,0,0,0,0,0,0,0,0,0,0,0,0,0,0,0,0,0,0
20354,Santa Ana Ateixtlahuaca,,0,0,0,0,0,0,0,0,0,0,0,0,0,0,0,0,0,0,0,0,0,0
20355,Santa Ana Cuauhtémoc,,0,0,0,0,0,0,0,0,0,0,0,0,0,0,0,0,0,0,0,0,0,0
20356,Santa Ana del Valle,,0,0,0,0,0,0,0,0,0,0,0,0,0,0,0,0,0,0,0,0,0,0
20357,Santa Ana Tavela,,0,0,0,0,0,0,0,0,0,0,0,0,0,0,0,0,0,0,0,0,0,0
20358,Santa Ana Tlapacoyan,,0,0,0,0,0,0,0,0,0,0,0,0,0,0,0,0,0,0,0,0,0,0
20359,Santa Ana Yareni,,0,0,0,0,0,0,0,0,0,0,0,0,0,0,0,0,0,0,0,0,0,0
20360,Santa Ana Zegache,,0,0,0,0,0,0,0,0,0,0,0,0,0,0,0,0,0,0,0,0,0,0
20361,Santa Catalina Quierí,,0,0,0,0,0,3573,58,739,0,0,0,0,0,2344,0,0,0,0,0,0,0,0
20362,Santa Catarina Cuixtla,,0,0,0,0,0,0,0,0,0,0,0,0,0,0,0,0,0,0,0,0,0,0
20363,Santa Catarina Ixtepeji,,1411,4980,5899,6224,9833,9921,12005,10869,9127,10762,8057,7652,13847,7362,2373,4065,6860,5161,10544,12233,0,13570
20364,Santa Catarina Juquila,,0,0,508,5630,728,0,0,0,0,0,0,0,0,0,0,0,0,0,0,0,0,0
20365,Santa Catarina Lachatao,,3054,11355,1807,2582,2958,1466,2918,2079,727,324,0,0,14196,7070,0,0,3104,0,ND,ND,ND,ND
20366,Santa Catarina Loxicha,,0,0,0,0,0,0,0,0,0,0,0,0,0,0,0,0,0,0,0,0,0,0
20367,Santa Catarina Mechoacán,,0,0,0,0,0,0,0,0,0,0,0,0,0,0,0,0,0,0,0,0,0,0
20368,Santa Catarina Minas,,0,0,0,0,0,0,0,0,0,0,0,0,0,0,0,0,0,0,0,0,0,0
20369,Santa Catarina Quiané,,0,0,0,0,0,0,0,0,0,0,0,0,0,0,0,0,0,0,0,0,0,0
20370,Santa Catarina Tayata,,0,0,0,0,0,0,0,0,0,0,0,0,0,0,0,0,0,0,0,0,0,0
20371,Santa Catarina Ticuá,,0,0,0,0,0,0,0,0,0,0,0,0,0,0,0,0,0,0,0,0,0,0
20372,Santa Catarina Yosonotú,,0,0,0,0,0,0,0,3978,209,0,0,0,0,0,0,0,0,0,0,0,0,0
20373,Santa Catarina Zapoquila,,0,0,0,0,0,0,0,0,0,0,0,0,0,0,0,0,0,0,0,0,0,0
20374,Santa Cruz Acatepec,,0,0,0,0,0,0,0,0,0,0,0,0,0,0,0,0,0,0,0,0,0,0
20375,Santa Cruz Amilpas,,0,0,0,0,0,0,0,0,0,0,0,0,0,0,0,0,0,0,0,0,0,0
20376,Santa Cruz de Bravo,,0,0,0,0,0,0,0,0,0,0,0,0,0,0,0,0,0,0,0,0,0,0
20377,Santa Cruz Itundujia,,3477,3068,9864,21429,13942,14839,17169,15958,26438,30822,109,26974,38098,33201,31294,30499,3676,3401,19764,6498,25055,42854
20378,Santa Cruz Mixtepec,,0,0,0,0,386,1072,0,0,0,480,27,0,0,209,0,0,0,0,0,0,0,0
20379,Santa Cruz Nundaco,,0,0,0,0,0,0,0,0,0,0,0,0,0,0,0,0,0,0,0,0,0,0
20380,Santa Cruz Papalutla,,0,0,0,0,0,0,0,0,0,0,0,0,0,0,0,0,0,0,0,0,0,0
20381,Santa Cruz Tacache de Mina,,0,0,0,0,0,0,0,0,0,0,0,0,0,0,0,0,0,0,0,0,0,0
20382,Santa Cruz Tacahua,,0,0,0,0,0,0,0,0,0,0,0,0,0,0,0,0,0,0,0,0,0,0
20383,Santa Cruz Tayata,,0,0,0,0,0,0,0,0,0,0,0,0,0,0,0,0,0,0,0,0,0,0
20384,Santa Cruz Xitla,,0,0,0,0,0,0,0,0,0,0,0,0,0,0,0,0,0,0,0,0,0,0
20385,Santa Cruz Xoxocotlán,,0,0,0,0,0,0,0,0,0,0,0,0,0,0,0,0,0,0,0,0,0,0
20386,Santa Cruz Zenzontepec,,0,1264,9139,3361,12796,5047,5283,986,0,6420,3238,2396,0,0,0,0,0,0,0,0,0,0
20387,Santa Gertrudis,,0,0,0,0,0,0,0,0,0,0,0,0,0,0,0,0,0,0,0,0,0,0
20388,Santa Inés del Monte,,0,0,0,186,0,0,0,0,0,0,0,0,0,0,0,0,0,0,0,0,0,0
20389,Santa Inés Yatzeche,,0,0,0,0,0,0,0,0,0,0,0,0,0,0,0,0,0,0,0,0,0,0
20390,Santa Lucía del Camino,,0,0,0,0,0,0,0,0,0,0,0,0,0,0,0,0,0,0,0,0,0,0
20391,Santa Lucía Miahuatlán,,0,0,0,0,96,0,0,0,0,1012,0,755,0,0,0,1180,1414,1600,2048,1726,1543,2089
20392,Santa Lucía Monteverde,,0,0,0,0,0,0,0,0,0,0,0,0,0,0,0,0,0,0,0,0,0,0
20393,Santa Lucía Ocotlán,,0,0,0,0,0,0,0,0,0,0,0,0,0,0,0,0,0,0,0,0,0,0
20394,Santa María Alotepec,,0,0,0,0,0,0,0,0,0,0,0,0,0,0,0,0,0,0,0,0,0,0
20395,Santa María Apazco,,0,0,0,0,0,0,0,0,0,0,0,0,0,0,0,0,0,0,0,0,0,0
20396,Santa María la Asunción,,0,0,0,0,0,0,0,0,0,0,0,0,0,0,0,0,0,0,0,0,0,0
20397,Heroica Ciudad de Tlaxiaco,,831,7805,2809,1398,2685,13116,1535,609,572,0,0,2037,0,0,0,3515,862,0,3703,4187,3378,1758
20398,Ayoquezco de Aldama,,0,0,0,0,0,0,0,0,0,0,0,0,0,0,0,0,0,0,0,0,0,0
20399,Santa María Atzompa,,0,0,0,0,0,0,0,0,0,0,0,0,0,0,0,0,0,0,0,0,0,0
20400,Santa María Camotlán,,0,0,0,0,0,0,0,0,0,0,0,0,0,0,0,0,0,0,0,0,0,0
20401,Santa María Colotepec,,0,0,0,0,0,0,0,0,0,0,0,0,0,0,0,0,0,0,0,0,0,0
20402,Santa María Cortijo,,0,0,0,0,0,0,0,0,0,0,0,0,0,0,0,0,0,0,0,0,0,0
20403,Santa María Coyotepec,,0,0,0,0,0,0,0,0,0,0,0,0,0,0,0,0,0,0,0,0,0,0
20404,Santa María Chachoápam,,0,0,0,0,0,0,0,0,0,0,0,0,0,0,0,0,0,0,0,0,0,0
20405,Villa de Chilapa de Díaz,,0,0,0,0,0,0,0,0,0,0,0,0,0,0,0,0,0,0,0,0,0,0
20406,Santa María Chilchotla,,0,0,0,0,0,0,0,0,0,0,0,0,0,0,0,0,0,0,0,0,0,0
20407,Santa María Chimalapa,,1755,1265,3140,6728,1287,1044,4480,0,2049,615,0,1254,0,0,0,1355,0,0,0,0,0,0
20408,Santa María del Rosario,,0,0,0,0,0,0,0,0,0,0,0,0,0,0,0,0,0,0,0,0,0,0
20409,Santa María del Tule,,0,0,0,0,0,0,0,0,0,0,0,0,0,0,0,0,0,0,0,0,0,0
20410,Santa María Ecatepec,,0,0,0,0,0,0,0,124,218,0,0,0,1183,0,0,583,0,121,423,0,0,1118
20411,Santa María Guelacé,,0,0,0,0,0,0,0,0,0,0,0,0,0,0,0,0,0,0,0,0,0,0
20412,Santa María Guienagati,,0,0,0,0,0,0,0,0,0,0,0,0,0,0,0,0,0,0,0,0,0,0
20413,Santa María Huatulco,,0,0,0,0,0,0,0,0,0,0,0,0,0,0,0,0,0,0,0,0,0,0
20414,Santa María Huazolotitlán,,0,0,0,0,0,0,0,0,0,0,0,0,0,0,0,0,0,0,0,0,0,0
20415,Santa María Ipalapa,,276,1037,0,1204,1353,0,1309,824,917,474,0,0,0,0,0,0,0,1048,2215,971,1086,925
20416,Santa María Ixcatlán,,0,0,0,0,0,0,0,0,0,0,0,0,0,0,0,0,0,0,0,0,0,0
20417,Santa María Jacatepec,,0,0,0,0,0,0,1095,856,362,165,1299,536,1631,0,0,0,0,0,0,0,0,0
20418,Santa María Jalapa del Marqués,,0,0,0,0,0,0,0,0,0,0,0,0,0,0,0,0,0,0,0,0,0,0
20419,Santa María Jaltianguis,,242,384,219,481,1648,936,0,1022,1440,0,0,0,141,0,1763,0,2735,2766,2641,2627,3275,3654
20420,Santa María Lachixío,,0,0,0,0,0,1209,2505,8061,4415,3093,639,2534,1491,2763,4130,2566,0,2439,7619,0,6715,11263
20421,Santa María Mixtequilla,,0,0,0,0,0,0,0,0,0,0,0,0,0,0,0,0,0,0,0,0,0,0
20422,Santa María Nativitas,,0,0,0,0,0,0,0,0,0,0,0,0,0,0,0,0,0,0,0,0,0,0
20423,Santa María Nduayaco,,0,0,0,0,0,0,0,0,0,0,0,0,0,0,0,0,0,0,0,0,0,0
20424,Santa María Ozolotepec,,1197,3782,4489,2665,3970,3225,2767,2230,3014,3418,2097,3401,3664,2470,4710,3898,4053,3071,4579,2548,8219,4923
20425,Santa María Pápalo,,0,0,0,0,0,6227,1232,0,0,877,1662,0,0,0,0,0,333,938,399,0,0,0
20426,Santa María Peñoles,,0,0,0,0,0,0,0,0,253,0,0,0,416,0,2420,0,0,0,0,0,0,0
20427,Santa María Petapa,,0,0,0,0,0,0,0,0,0,0,0,0,0,0,0,0,0,0,0,0,0,0
20428,Santa María Quiegolani,,0,0,0,0,0,0,0,0,0,0,0,0,0,0,0,0,0,0,0,0,0,0
20429,Santa María Sola,,0,0,0,0,0,0,0,0,0,0,0,0,0,0,0,0,0,0,0,0,0,0
20430,Santa María Tataltepec,,0,0,0,0,0,0,0,0,0,0,0,0,0,0,0,0,0,0,0,0,0,0
20431,Santa María Tecomavaca,,0,0,0,0,0,0,0,0,0,0,0,0,0,0,0,0,0,0,0,0,0,0
20432,Santa María Temaxcalapa,,0,0,0,0,0,0,0,0,0,0,0,0,0,0,0,0,0,0,0,0,0,0
20433,Santa María Temaxcaltepec,,0,0,0,0,0,0,0,0,0,0,0,0,0,0,0,0,0,0,0,0,0,0
20434,Santa María Teopoxco,,0,0,0,0,0,0,0,0,0,0,0,0,0,0,0,0,0,0,0,0,0,0
20435,Santa María Tepantlali,,0,0,0,0,0,0,0,0,0,0,0,0,0,0,0,0,0,0,0,0,0,0
20436,Santa María Texcatitlán,,0,0,0,0,0,0,0,0,0,0,0,0,0,0,0,0,0,0,0,0,0,0
20437,Santa María Tlahuitoltepec,,0,0,0,0,0,0,0,0,0,0,0,0,0,0,0,0,0,0,0,0,0,0
20438,Santa María Tlalixtac,,0,0,0,0,0,0,0,0,0,0,0,0,0,0,0,0,0,0,0,0,0,0
20439,Santa María Tonameca,,0,0,0,0,0,0,0,0,0,0,0,0,0,0,0,0,0,0,0,0,0,0
20440,Santa María Totolapilla,,0,0,0,0,0,0,0,0,0,0,0,0,0,0,0,0,0,0,0,0,0,0
20441,Santa María Xadani,,0,0,0,0,0,0,0,0,0,0,0,0,0,0,0,0,0,0,0,0,0,0
20442,Santa María Yalina,,0,233,504,1271,2628,2474,223,522,1520,789,2088,1146,0,0,0,0,0,1286,2217,1549,1947,2829
20443,Santa María Yavesía,,0,0,1807,2582,2958,1465,2919,2078,727,324,0,0,14196,7070,0,0,3104,0,ND,ND,ND,ND
20444,Santa María Yolotepec,,0,0,0,0,0,0,0,0,0,0,0,0,0,0,0,0,0,0,0,0,0,0
20445,Santa María Yosoyúa,,0,0,0,0,0,0,0,0,0,0,0,0,0,0,0,0,0,0,0,0,0,0
20446,Santa María Yucuhiti,,0,0,0,0,0,0,0,0,0,0,0,0,0,0,0,0,0,0,0,0,0,0
20447,Santa María Zacatepec,,0,0,0,301,5857,5683,4924,4748,0,0,312,2842,2258,0,0,0,0,2886,0,0,0,0
20448,Santa María Zaniza,,1472,1630,1325,922,2399,2406,3970,1298,1995,0,0,2987,0,2196,418,0,0,0,0,5498,5559,0
20449,Santa María Zoquitlán,,0,0,0,0,0,0,0,0,0,0,0,0,0,0,0,0,0,0,0,0,0,0
20450,Santiago Amoltepec,,0,0,0,0,0,0,0,0,0,0,0,0,0,0,0,0,0,0,0,0,0,0
20451,Santiago Apoala,,0,0,0,0,0,0,0,0,0,0,0,0,0,0,0,0,0,0,0,0,0,0
20452,Santiago Apóstol,,0,0,0,0,0,0,0,0,0,0,0,0,0,0,0,0,0,0,0,0,0,0
20453,Santiago Astata,,0,0,0,0,0,0,0,0,0,0,0,0,0,0,0,0,0,0,0,0,0,0
20454,Santiago Atitlán,,0,0,0,0,0,0,0,0,0,0,0,0,0,0,0,0,0,0,0,0,0,0
20455,Santiago Ayuquililla,,0,0,0,0,0,0,0,0,0,0,0,0,0,0,0,0,0,0,0,0,0,0
20456,Santiago Cacaloxtepec,,0,0,0,0,0,0,0,0,0,0,0,0,0,0,0,0,0,0,0,0,0,0
20457,Santiago Camotlán,,0,0,0,0,0,0,0,0,0,0,0,0,0,0,0,0,0,0,0,0,0,0
20458,Santiago Comaltepec,,1028,9,504,1076,992,1020,1580,1236,1478,3060,532,909,1732,1830,1684,1757,1937,0,2861,1925,0,0
20459,Santiago Chazumba,,0,0,0,0,0,0,0,0,0,0,0,0,0,0,0,0,0,0,0,0,0,0
20460,Santiago Choápam,,0,0,0,0,0,0,0,0,350,479,0,0,410,1128,991,0,0,0,0,0,0,0
20461,Santiago del Río,,0,0,0,0,0,0,0,0,0,0,0,0,0,0,0,0,0,0,0,0,0,0
20462,Santiago Huajolotitlán,,0,0,0,0,0,0,0,0,0,0,0,0,0,0,0,0,0,0,0,0,0,0
20463,Santiago Huauclilla,,0,0,0,0,0,0,0,0,0,0,0,0,0,0,0,0,0,0,0,0,0,0
20464,Santiago Ihuitlán Plumas,,0,0,0,0,0,0,0,0,0,0,0,0,0,0,0,0,0,0,0,0,0,0
20465,Santiago Ixcuintepec,,0,0,0,0,0,0,0,0,0,0,0,0,0,0,0,0,0,0,0,0,0,0
20466,Santiago Ixtayutla,,0,2024,2843,3526,2268,7666,2243,2870,719,1378,3942,2596,1540,2231,0,0,0,950,0,0,133,0
20467,Santiago Jamiltepec,,519,3612,2306,2100,7000,3303,1686,1847,584,1279,466,0,2479,1877,948,667,511,1186,1601,706,0,0
20468,Santiago Jocotepec,,0,0,0,0,0,68,18,0,62,0,0,0,0,0,0,0,0,0,0,0,0,0
20469,Santiago Juxtlahuaca,,799,0,0,0,0,0,230,0,0,0,0,0,0,0,0,0,0,0,0,0,0,0
20470,Santiago Lachiguiri,,0,0,0,0,0,0,0,0,22,31,0,0,0,0,0,0,0,0,0,0,0,0
20471,Santiago Lalopa,,0,0,0,0,0,0,0,0,0,0,0,0,0,0,0,0,0,0,0,0,0,0
20472,Santiago Laollaga,,0,0,0,0,0,0,0,0,0,0,0,0,0,0,0,0,0,0,0,0,0,0
20473,Santiago Laxopa,,0,0,0,0,0,0,0,0,4091,3924,4549,3693,4368,3594,2082,651,2795,3511,0,460,6924,13916
20474,Santiago Llano Grande,,0,0,0,0,0,0,0,0,0,0,0,0,0,0,0,0,0,0,0,0,0,0
20475,Santiago Matatlán,,0,0,0,0,0,0,0,0,0,0,0,0,0,0,0,0,0,0,0,0,0,0
20476,Santiago Miltepec,,0,0,0,0,0,0,0,0,0,0,0,0,0,0,0,0,0,0,0,0,0,0
20477,Santiago Minas,,0,0,656,0,2026,3645,200,0,0,0,0,0,0,0,0,0,0,0,0,0,0,0
20478,Santiago Nacaltepec,,0,0,0,0,0,0,0,0,0,0,0,0,0,0,0,0,0,0,0,0,0,0
20479,Santiago Nejapilla,,0,0,0,0,0,0,0,0,0,0,0,0,0,0,0,0,0,0,0,0,0,0
20480,Santiago Nundiche,,1767,1885,0,0,0,0,0,0,0,0,0,0,0,0,0,0,0,0,0,0,0,176
20481,Santiago Nuyoó,,0,0,0,0,0,0,0,0,0,0,0,0,0,0,0,0,0,330,0,0,0,0
20482,Santiago Pinotepa Nacional,,0,0,0,0,0,0,0,0,0,0,0,0,0,0,0,0,0,0,0,0,0,0
20483,Santiago Suchilquitongo,,0,0,0,0,0,0,0,0,0,0,0,0,0,0,0,0,0,0,0,0,0,0
20484,Santiago Tamazola,,0,0,0,0,0,0,0,0,0,0,0,0,0,0,0,0,0,0,0,0,0,0
20485,Santiago Tapextla,,0,0,0,0,0,0,0,0,0,0,0,0,0,0,0,0,0,0,0,0,0,0
20486,Villa Tejúpam de la Unión,,0,0,0,0,0,0,0,0,0,0,0,0,0,0,0,0,0,0,0,0,0,0
20487,Santiago Tenango,,0,0,0,0,0,0,0,0,0,0,0,0,0,0,0,0,0,0,0,0,0,0
20488,Santiago Tepetlapa,,0,0,0,0,0,0,0,0,0,0,0,0,0,0,0,0,0,0,0,0,0,0
20489,Santiago Tetepec,,1604,1884,980,626,6579,5650,2270,1541,1311,2333,0,0,0,0,0,0,0,0,0,0,0,0
20490,Santiago Texcalcingo,,0,0,0,0,0,0,0,0,0,0,0,0,0,0,0,0,0,0,0,0,0,0
20491,Santiago Textitlán,,3576,12628,12263,11180,10453,13693,20648,13120,12934,12002,17182,15846,7879,19001,21886,10401,19619,26819,37080,29083,33927,47016
20492,Santiago Tilantongo,,0,0,0,0,0,0,0,0,0,0,0,0,0,0,0,0,0,0,0,0,0,0
20493,Santiago Tillo,,0,0,0,0,0,0,0,0,0,0,0,0,0,0,0,0,0,0,0,0,0,0
20494,Santiago Tlazoyaltepec,,0,0,0,0,0,0,0,0,0,0,0,0,0,0,0,0,0,0,1346,0,0,0
20495,Santiago Xanica,,0,0,0,0,0,0,0,0,0,0,0,0,0,0,0,0,0,0,0,0,0,0
20496,Santiago Xiacuí,,1019,184,2974,1992,4062,3526,3601,4623,4335,6958,4304,4099,5389,6375,7810,2486,6508,11005,15707,7860,17916,8362
20497,Santiago Yaitepec,,0,0,0,0,0,0,0,286,0,0,0,0,0,0,0,0,0,0,0,0,0,0
20498,Santiago Yaveo,,0,0,0,729,0,0,0,0,0,0,0,1169,0,27046,1308,0,726,0,179,3221,2232,0
20499,Santiago Yolomécatl,,0,0,0,0,0,0,0,0,0,0,0,0,0,0,0,0,0,0,0,0,0,0
20500,Santiago Yosondúa,,0,0,0,0,0,0,0,0,2497,910,1382,2304,1682,0,0,0,4481,5246,4639,3681,5921,7674
20501,Santiago Yucuyachi,,0,0,0,0,0,0,0,0,0,0,0,0,0,0,0,0,0,0,0,0,0,0
20502,Santiago Zacatepec,,0,0,0,0,0,0,0,0,0,0,0,0,0,888,951,0,0,0,0,0,934,199
20503,Santiago Zoochila,,0,0,0,0,0,0,0,0,0,0,0,0,0,0,0,0,0,0,0,0,0,0
20504,Nuevo Zoquiápam,,192,3096,4620,4494,7377,9187,9158,7828,8691,7777,5318,1710,10853,6737,0,0,3775,11686,13484,14006,13346,0
20505,Santo Domingo Ingenio,,0,0,0,0,0,0,0,0,0,0,0,0,0,0,0,0,0,0,0,0,0,0
20506,Santo Domingo Albarradas,,0,0,0,0,0,620,0,0,541,0,53,0,0,0,0,0,0,0,0,0,0,0
20507,Santo Domingo Armenta,,0,0,0,0,0,0,0,0,0,0,0,0,0,0,0,0,0,0,0,0,0,0
20508,Santo Domingo Chihuitán,,0,0,0,0,0,0,0,0,0,0,0,0,0,0,0,0,0,0,0,0,0,0
20509,Santo Domingo de Morelos,,0,0,0,0,0,0,0,0,0,0,0,0,0,0,0,0,0,0,0,0,0,0
20510,Santo Domingo Ixcatlán,,0,0,0,0,0,0,0,0,0,0,0,0,0,0,0,0,0,0,0,0,0,0
20511,Santo Domingo Nuxaá,,484,1500,3345,111,4670,571,0,0,0,0,0,0,0,0,0,0,0,0,0,0,0,0
20512,Santo Domingo Ozolotepec,,907,1049,1994,2640,6217,91,0,1446,1025,1618,1978,1972,0,1225,0,0,0,0,0,0,2391,23524
20513,Santo Domingo Petapa,,0,0,0,0,0,0,0,0,0,0,0,0,0,0,0,0,0,0,0,0,0,0
20514,Santo Domingo Roayaga,,0,0,0,0,0,0,0,0,0,0,0,0,0,0,0,0,0,0,0,0,0,0
20515,Santo Domingo Tehuantepec,,0,0,0,0,0,0,256,0,203,0,0,0,1,0,0,0,83,0,0,0,0,0
20516,Santo Domingo Teojomulco,,0,0,0,0,0,0,0,0,0,0,0,0,0,0,0,0,0,0,0,0,0,0
20517,Santo Domingo Tepuxtepec,,0,0,0,0,0,0,0,0,0,0,0,0,0,0,0,0,0,0,0,0,0,0
20518,Santo Domingo Tlatayápam,,0,0,0,0,0,0,0,0,0,0,0,0,0,0,0,0,0,0,0,0,0,0
20519,Santo Domingo Tomaltepec,,0,0,0,0,0,0,0,0,0,0,0,0,0,0,0,0,0,0,0,0,0,0
20520,Santo Domingo Tonalá,,0,0,0,0,0,0,0,0,0,0,0,0,0,0,0,0,0,0,0,0,0,0
20521,Santo Domingo Tonaltepec,,0,0,0,0,0,0,0,0,0,0,0,0,0,0,0,0,0,0,0,0,0,0
20522,Santo Domingo Xagacía,,0,0,0,0,0,0,0,0,0,0,0,0,0,5954,0,0,0,0,0,0,0,0
20523,Santo Domingo Yanhuitlán,,0,0,0,0,0,0,0,0,0,0,0,0,0,0,0,0,0,0,0,0,0,0
20524,Santo Domingo Yodohino,,0,0,0,0,0,0,0,0,0,0,0,0,0,0,0,0,0,0,0,0,0,0
20525,Santo Domingo Zanatepec,,0,0,0,0,0,0,0,0,0,0,0,0,0,0,0,0,0,0,0,0,0,0
20526,Santos Reyes Nopala,,0,0,0,0,8747,120,0,0,0,0,0,0,0,0,0,0,0,0,0,0,0,883
20527,Santos Reyes Pápalo,,0,0,0,0,0,0,461,1510,780,1084,0,0,0,0,0,0,0,0,0,0,0,0
20528,Santos Reyes Tepejillo,,0,0,0,0,0,0,0,0,0,0,0,0,0,0,0,0,0,0,0,0,0,0
20529,Santos Reyes Yucuná,,0,0,0,0,0,0,0,0,0,0,0,0,0,0,0,0,0,0,0,0,0,0
20530,Santo Tomás Jalieza,,0,0,0,0,0,0,0,0,0,0,0,0,0,0,0,0,0,0,0,0,0,0
20531,Santo Tomás Mazaltepec,,0,0,0,0,0,0,0,0,0,0,0,0,0,0,0,0,0,0,0,0,0,0
20532,Santo Tomás Ocotepec,,0,0,0,0,0,0,0,0,0,0,0,0,0,0,1360,0,4413,4293,0,0,0,0
20533,Santo Tomás Tamazulapan,,173,93,0,0,0,0,0,0,0,0,0,0,0,0,0,0,0,0,0,0,3946,3966
20534,San Vicente Coatlán,,0,0,0,0,0,0,0,0,0,0,0,0,0,0,0,0,0,0,0,0,0,0
20535,San Vicente Lachixío,,0,0,0,0,0,0,4590,3448,3703,1606,2576,3995,6074,4791,2918,4351,0,8093,7048,5297,0,0
20536,San Vicente Nuñú,,0,0,0,0,0,0,0,0,0,0,0,0,0,0,0,0,0,0,0,0,0,0
20537,Silacayoápam,,0,0,0,0,0,0,0,0,0,0,0,0,0,0,0,0,0,0,0,0,0,0
20538,Sitio de Xitlapehua,,0,0,0,0,0,0,0,0,0,0,0,0,0,0,0,0,0,0,0,0,0,0
20539,Soledad Etla,,0,0,0,0,0,0,0,0,0,0,0,0,0,0,0,0,0,0,0,0,0,0
20540,Villa de Tamazulápam del Progreso,,0,0,0,0,0,0,0,0,0,0,0,0,0,0,0,0,0,0,0,0,0,0
20541,Tanetze de Zaragoza,,0,0,0,0,0,0,0,0,0,0,0,0,1451,1259,0,0,672,0,0,0,0,0
20542,Taniche,,0,0,0,0,0,0,0,0,0,0,0,0,0,0,0,0,0,0,0,0,0,0
20543,Tataltepec de Valdés,,0,1042,454,0,0,0,0,0,1513,1701,4257,0,0,0,0,0,0,0,0,0,0,0
20544,Teococuilco de Marcos Pérez,,2180,2655,4243,4748,7463,5898,4301,13211,9342,6426,10534,6738,8011,0,8839,5748,7824,8106,11034,10160,13603,8289
20545,Teotitlán de Flores Magón,,0,0,0,0,0,0,0,0,0,0,0,0,0,0,0,0,0,0,0,0,0,0
20546,Teotitlán del Valle,,0,0,0,0,0,0,0,0,0,0,0,0,0,0,2374,0,3331,0,0,0,0,0
20547,Teotongo,,0,0,0,0,0,0,0,0,0,0,0,0,0,0,0,0,0,0,0,0,0,0
20548,Tepelmeme Villa de Morelos,,0,0,0,0,0,0,0,0,0,0,0,0,0,0,0,0,0,0,0,0,0,0
20549,"Heroica Villa Tezoatlán de Segura y Luna, Cuna de la Independencia de Oaxaca",,0,0,0,0,0,0,0,0,0,0,0,0,0,0,0,0,0,0,0,0,0,0
20550,San Jerónimo Tlacochahuaya,,0,0,0,0,0,0,0,0,0,0,0,0,0,0,0,0,0,0,0,0,0,0
20551,Tlacolula de Matamoros,,0,0,0,0,0,0,0,0,0,0,0,0,0,0,0,0,0,0,0,0,0,0
20552,Tlacotepec Plumas,,0,0,0,0,0,0,0,0,0,0,0,0,0,0,0,0,0,0,0,0,0,0
20553,Tlalixtac de Cabrera,,0,0,0,0,0,0,0,0,0,0,0,0,0,0,0,0,0,0,0,0,0,0
20554,Totontepec Villa de Morelos,,0,0,0,0,0,0,0,0,0,0,0,0,0,0,0,0,0,0,0,0,0,0
20555,Trinidad Zaachila,,0,0,0,0,0,0,0,0,0,0,0,0,0,0,0,0,0,0,0,0,0,0
20556,La Trinidad Vista Hermosa,,0,0,0,0,0,0,0,0,0,0,0,0,0,0,0,0,0,0,0,0,0,0
20557,Unión Hidalgo,,0,0,0,0,0,0,0,0,0,0,0,0,0,0,0,0,0,0,0,0,0,0
20558,Valerio Trujano,,0,0,0,0,0,0,0,0,0,0,0,0,0,0,0,0,0,0,0,0,0,0
20559,San Juan Bautista Valle Nacional,,0,0,0,0,0,0,0,0,0,601,236,0,398,92,12,0,0,0,0,0,0,0
20560,Villa Díaz Ordaz,,1158,2835,2729,3533,5724,6403,6686,0,5694,9986,6021,9357,9242,9047,7371,0,4015,0,0,675,4502,5147
20561,Yaxe,,0,0,0,0,0,0,0,0,0,0,0,0,0,0,0,0,0,0,0,0,0,0
20562,Magdalena Yodocono de Porfirio Díaz,,0,0,0,0,0,0,0,0,0,0,0,0,0,0,0,0,0,0,0,0,0,0
20563,Yogana,,0,0,0,0,0,0,0,0,0,0,0,0,0,0,0,0,0,0,0,0,0,0
20564,Yutanduchi de Guerrero,,0,0,0,0,0,0,0,0,0,0,0,0,0,0,0,0,0,0,0,0,0,0
20565,Villa de Zaachila,,0,0,0,0,0,0,0,0,0,0,0,0,0,0,0,0,0,0,0,0,0,0
20566,San Mateo Yucutindoo,,0,0,0,0,0,0,0,0,0,0,0,0,0,0,0,0,0,0,0,0,0,0
20567,Zapotitlán Lagunas,,0,0,0,0,0,0,0,0,0,0,0,0,0,0,0,0,0,0,0,0,0,0
20568,Zapotitlán Palmas,,0,0,0,0,0,0,0,0,0,0,0,0,0,0,0,0,0,0,0,0,0,0
20569,Santa Inés de Zaragoza,,0,0,0,0,0,0,0,0,0,0,0,0,0,0,0,0,0,0,0,0,0,0
20570,Zimatlán de Álvarez,,7756,22411,21744,21273,26508,31646,42221,45273,26740,32985,37110,20046,39828,47090,40345,38104,51506,52233,60181,54640,53554,8546
20901,Silacayoapam,,,,,,,,,,,,,,,,,,,,,,,
20902,Huajuapam,,,,,,,,,,,,,,,,,,,,,,,
20903,Coixtlahuaca,,,,,,,,,,,,,,,,,,,,,,,
20904,Teotitlán,,,,,,,,,,,,,,,,,,,,,,,
20905,Cuicatlán,,,,,,,,,,,,,,,,,,,,,,,
20906,Tuxtepec,,,,,,,,,,,,,,,,,,,,,,,
20907,Choapam,,,,,,,,,,,,,,,,,,,,,,,
20908,Juxtlahuaca,,,,,,,,,,,,,,,,,,,,,,,
20909,Teposcolula,,,,,,,,,,,,,,,,,,,,,,,
20910,Nochixtlán,,,,,,,,,,,,,,,,,,,,,,,
20911,Etla,,,,,,,,,,,,,,,,,,,,,,,
20912,Benemerito Distrito de Ixtlán de Juárez,,,,,,,,,,,,,,,,,,,,,,,
20913,Villa Alta,,,,,,,,,,,,,,,,,,,,,,,
20914,Mixe,,,,,,,,,,,,,,,,,,,,,,,
20915,Putla,,,,,,,,,,,,,,,,,,,,,,,
20916,Tlaxiaco,,,,,,,,,,,,,,,,,,,,,,,
20917,Zaachila,,,,,,,,,,,,,,,,,,,,,,,
20918,Zimatlán,,,,,,,,,,,,,,,,,,,,,,,
20919,Centro,,,,,,,,,,,,,,,,,,,,,,,
20920,Tlacolula,,,,,,,,,,,,,,,,,,,,,,,
20921,Jamiltepec,,,,,,,,,,,,,,,,,,,,,,,
20922,Juquila,,,,,,,,,,,,,,,,,,,,,,,
20923,Sola de Vega,,,,,,,,,,,,,,,,,,,,,,,
20924,Ejutla,,,,,,,,,,,,,,,,,,,,,,,
20925,Ocotlán,,,,,,,,,,,,,,,,,,,,,,,
20926,Miahuatlán,,,,,,,,,,,,,,,,,,,,,,,
20927,Yautepec,,,,,,,,,,,,,,,,,,,,,,,
20928,Tehuantepec,,,,,,,,,,,,,,,,,,,,,,,
20929,Juchitán,,,,,,,,,,,,,,,,,,,,,,,
20930,Pochutla,,,,,,,,,,,,,,,,,,,,,,,
20995,Resto de los municipios,,,,,,,,,,,,,,,,,,,,,,,
20996,No especificado,112880,,,,,,,,,,,,,,,,0,,0,0,,,
20997,Otros estados,,,,,,,,,,,,,,,,,,,0,0,,,
20999,No identificado,,,,,,,,,,,,,,,,,,,,,,,
